solid prt0001_ascii.stl
  facet normal 1.000000e+00 -0.000000e+00 0.000000e+00
    outer loop
      vertex 3.600000e+03 -1.538475e+01 1.105094e+03
      vertex 3.600000e+03 2.290534e+01 1.101796e+03
      vertex 3.600000e+03 2.134755e-12 1.107638e+03
    endloop
  endfacet
  facet normal -1.684171e-01 2.436018e-01 9.551408e-01
    outer loop
      vertex 3.060000e+03 -7.373479e-14 1.012422e+03
      vertex 3.600000e+03 2.134755e-12 1.107638e+03
      vertex 3.600000e+03 2.290534e+01 1.101796e+03
    endloop
  endfacet
  facet normal -1.717325e-01 -1.606977e-01 9.719487e-01
    outer loop
      vertex 2.520000e+03 -1.324646e+01 9.146240e+02
      vertex 3.600000e+03 -1.538475e+01 1.105094e+03
      vertex 3.600000e+03 2.134755e-12 1.107638e+03
    endloop
  endfacet
  facet normal -1.705371e-01 -1.884434e-01 9.671640e-01
    outer loop
      vertex 3.060000e+03 -7.373479e-14 1.012422e+03
      vertex 2.520000e+03 -1.324646e+01 9.146240e+02
      vertex 3.600000e+03 2.134755e-12 1.107638e+03
    endloop
  endfacet
  facet normal 1.000000e+00 -0.000000e+00 0.000000e+00
    outer loop
      vertex 3.600000e+03 -2.990938e+01 1.096277e+03
      vertex 3.600000e+03 3.830824e+01 1.087742e+03
      vertex 3.600000e+03 2.290534e+01 1.101796e+03
    endloop
  endfacet
  facet normal -1.322218e-01 6.681080e-01 7.322220e-01
    outer loop
      vertex 2.520000e+03 2.008778e+01 9.093450e+02
      vertex 3.600000e+03 2.290534e+01 1.101796e+03
      vertex 3.600000e+03 3.830824e+01 1.087742e+03
    endloop
  endfacet
  facet normal 1.000000e+00 0.000000e+00 0.000000e+00
    outer loop
      vertex 3.600000e+03 -1.538475e+01 1.105094e+03
      vertex 3.600000e+03 -2.990938e+01 1.096277e+03
      vertex 3.600000e+03 2.290534e+01 1.101796e+03
    endloop
  endfacet
  facet normal -1.684171e-01 2.436018e-01 9.551408e-01
    outer loop
      vertex 3.060000e+03 -7.373479e-14 1.012422e+03
      vertex 3.600000e+03 2.290534e+01 1.101796e+03
      vertex 2.520000e+03 4.147347e-16 9.172050e+02
    endloop
  endfacet
  facet normal -1.646183e-01 3.594122e-01 9.185444e-01
    outer loop
      vertex 2.520000e+03 2.008778e+01 9.093450e+02
      vertex 2.520000e+03 4.147347e-16 9.172050e+02
      vertex 3.600000e+03 2.290534e+01 1.101796e+03
    endloop
  endfacet
  facet normal 1.000000e+00 -0.000000e+00 0.000000e+00
    outer loop
      vertex 3.600000e+03 -4.044788e+01 1.081282e+03
      vertex 3.600000e+03 4.915768e+01 1.062959e+03
      vertex 3.600000e+03 3.830824e+01 1.087742e+03
    endloop
  endfacet
  facet normal -7.757098e-02 9.133043e-01 3.998224e-01
    outer loop
      vertex 2.520000e+03 3.430360e+01 8.873551e+02
      vertex 3.600000e+03 3.830824e+01 1.087742e+03
      vertex 3.600000e+03 4.915768e+01 1.062959e+03
    endloop
  endfacet
  facet normal 1.000000e+00 0.000000e+00 0.000000e+00
    outer loop
      vertex 3.600000e+03 -2.990938e+01 1.096277e+03
      vertex 3.600000e+03 -4.044788e+01 1.081282e+03
      vertex 3.600000e+03 3.830824e+01 1.087742e+03
    endloop
  endfacet
  facet normal -1.032908e-01 8.353030e-01 5.399999e-01
    outer loop
      vertex 2.520000e+03 3.430360e+01 8.873551e+02
      vertex 2.520000e+03 2.008778e+01 9.093450e+02
      vertex 3.600000e+03 3.830824e+01 1.087742e+03
    endloop
  endfacet
  facet normal 1.000000e+00 -0.000000e+00 0.000000e+00
    outer loop
      vertex 3.600000e+03 -5.036827e+01 1.030447e+03
      vertex 3.600000e+03 5.485282e+01 1.025744e+03
      vertex 3.600000e+03 4.915768e+01 1.062959e+03
    endloop
  endfacet
  facet normal -3.729866e-02 9.878045e-01 1.511655e-01
    outer loop
      vertex 2.520000e+03 3.798058e+01 8.695170e+02
      vertex 3.600000e+03 4.915768e+01 1.062959e+03
      vertex 3.600000e+03 5.485282e+01 1.025744e+03
    endloop
  endfacet
  facet normal 1.000000e+00 -0.000000e+00 0.000000e+00
    outer loop
      vertex 3.600000e+03 -4.705322e+01 1.059060e+03
      vertex 3.600000e+03 -5.036827e+01 1.030447e+03
      vertex 3.600000e+03 4.915768e+01 1.062959e+03
    endloop
  endfacet
  facet normal 1.000000e+00 0.000000e+00 0.000000e+00
    outer loop
      vertex 3.600000e+03 -4.044788e+01 1.081282e+03
      vertex 3.600000e+03 -4.705322e+01 1.059060e+03
      vertex 3.600000e+03 4.915768e+01 1.062959e+03
    endloop
  endfacet
  facet normal -4.624685e-02 9.783612e-01 2.016695e-01
    outer loop
      vertex 2.520000e+03 3.798058e+01 8.695170e+02
      vertex 2.520000e+03 3.430360e+01 8.873551e+02
      vertex 3.600000e+03 4.915768e+01 1.062959e+03
    endloop
  endfacet
  facet normal 1.000000e+00 -0.000000e+00 0.000000e+00
    outer loop
      vertex 3.600000e+03 -5.269246e+01 9.981302e+02
      vertex 3.600000e+03 5.670826e+01 9.776843e+02
      vertex 3.600000e+03 5.485282e+01 1.025744e+03
    endloop
  endfacet
  facet normal -2.090089e-02 9.990373e-01 3.857017e-02
    outer loop
      vertex 2.520000e+03 3.916456e+01 8.468538e+02
      vertex 3.600000e+03 5.485282e+01 1.025744e+03
      vertex 3.600000e+03 5.670826e+01 9.776843e+02
    endloop
  endfacet
  facet normal 1.000000e+00 0.000000e+00 0.000000e+00
    outer loop
      vertex 3.600000e+03 -5.036827e+01 1.030447e+03
      vertex 3.600000e+03 -5.269246e+01 9.981302e+02
      vertex 3.600000e+03 5.485282e+01 1.025744e+03
    endloop
  endfacet
  facet normal -2.314180e-02 9.983707e-01 5.215751e-02
    outer loop
      vertex 2.520000e+03 3.916456e+01 8.468538e+02
      vertex 2.520000e+03 3.798058e+01 8.695170e+02
      vertex 3.600000e+03 5.485282e+01 1.025744e+03
    endloop
  endfacet
  facet normal 1.000000e+00 -0.000000e+00 0.000000e+00
    outer loop
      vertex 3.600000e+03 -5.537202e+01 9.632504e+02
      vertex 3.600000e+03 5.760928e+01 9.509506e+02
      vertex 3.600000e+03 5.670826e+01 9.776843e+02
    endloop
  endfacet
  facet normal -2.292686e-02 9.991698e-01 3.367534e-02
    outer loop
      vertex 2.520000e+03 3.773482e+01 8.053527e+02
      vertex 3.600000e+03 5.670826e+01 9.776843e+02
      vertex 3.600000e+03 5.760928e+01 9.509506e+02
    endloop
  endfacet
  facet normal 1.000000e+00 0.000000e+00 0.000000e+00
    outer loop
      vertex 3.600000e+03 -5.269246e+01 9.981302e+02
      vertex 3.600000e+03 -5.537202e+01 9.632504e+02
      vertex 3.600000e+03 5.670826e+01 9.776843e+02
    endloop
  endfacet
  facet normal -1.206280e-02 9.993344e-01 -3.442778e-02
    outer loop
      vertex 2.520000e+03 3.773482e+01 8.053527e+02
      vertex 2.520000e+03 3.916456e+01 8.468538e+02
      vertex 3.600000e+03 5.670826e+01 9.776843e+02
    endloop
  endfacet
  facet normal 1.000000e+00 -0.000000e+00 0.000000e+00
    outer loop
      vertex 3.600000e+03 -5.845015e+01 9.255479e+02
      vertex 3.600000e+03 5.953547e+01 9.234152e+02
      vertex 3.600000e+03 5.760928e+01 9.509506e+02
    endloop
  endfacet
  facet normal -2.979043e-02 9.971194e-01 6.975211e-02
    outer loop
      vertex 2.520000e+03 3.712693e+01 7.824924e+02
      vertex 3.600000e+03 5.760928e+01 9.509506e+02
      vertex 3.600000e+03 5.953547e+01 9.234152e+02
    endloop
  endfacet
  facet normal 1.000000e+00 -0.000000e+00 0.000000e+00
    outer loop
      vertex 3.600000e+03 -5.685479e+01 9.447651e+02
      vertex 3.600000e+03 -5.845015e+01 9.255479e+02
      vertex 3.600000e+03 5.760928e+01 9.509506e+02
    endloop
  endfacet
  facet normal 1.000000e+00 0.000000e+00 0.000000e+00
    outer loop
      vertex 3.600000e+03 -5.537202e+01 9.632504e+02
      vertex 3.600000e+03 -5.685479e+01 9.447651e+02
      vertex 3.600000e+03 5.760928e+01 9.509506e+02
    endloop
  endfacet
  facet normal -1.481056e-02 9.995370e-01 -2.657898e-02
    outer loop
      vertex 2.520000e+03 3.712693e+01 7.824924e+02
      vertex 2.520000e+03 3.773482e+01 8.053527e+02
      vertex 3.600000e+03 5.760928e+01 9.509506e+02
    endloop
  endfacet
  facet normal 1.000000e+00 -0.000000e+00 0.000000e+00
    outer loop
      vertex 3.600000e+03 -6.017874e+01 9.055622e+02
      vertex 3.600000e+03 6.277238e+01 8.951778e+02
      vertex 3.600000e+03 5.953547e+01 9.234152e+02
    endloop
  endfacet
  facet normal -3.761477e-02 9.927907e-01 1.138056e-01
    outer loop
      vertex 2.520000e+03 3.747388e+01 7.589117e+02
      vertex 3.600000e+03 5.953547e+01 9.234152e+02
      vertex 3.600000e+03 6.277238e+01 8.951778e+02
    endloop
  endfacet
  facet normal 1.000000e+00 0.000000e+00 0.000000e+00
    outer loop
      vertex 3.600000e+03 -5.845015e+01 9.255479e+02
      vertex 3.600000e+03 -6.017874e+01 9.055622e+02
      vertex 3.600000e+03 5.953547e+01 9.234152e+02
    endloop
  endfacet
  facet normal -2.266024e-02 9.996350e-01 1.470806e-02
    outer loop
      vertex 2.520000e+03 3.747388e+01 7.589117e+02
      vertex 2.520000e+03 3.712693e+01 7.824924e+02
      vertex 3.600000e+03 5.953547e+01 9.234152e+02
    endloop
  endfacet
  facet normal 1.000000e+00 -0.000000e+00 0.000000e+00
    outer loop
      vertex 3.600000e+03 -6.206696e+01 8.847607e+02
      vertex 3.600000e+03 6.755890e+01 8.662490e+02
      vertex 3.600000e+03 6.277238e+01 8.951778e+02
    endloop
  endfacet
  facet normal -4.608804e-02 9.855382e-01 1.630655e-01
    outer loop
      vertex 2.520000e+03 3.928960e+01 7.318576e+02
      vertex 3.600000e+03 6.277238e+01 8.951778e+02
      vertex 3.600000e+03 6.755890e+01 8.662490e+02
    endloop
  endfacet
  facet normal 1.000000e+00 0.000000e+00 0.000000e+00
    outer loop
      vertex 3.600000e+03 -6.017874e+01 9.055622e+02
      vertex 3.600000e+03 -6.206696e+01 8.847607e+02
      vertex 3.600000e+03 6.277238e+01 8.951778e+02
    endloop
  endfacet
  facet normal -3.180479e-02 9.972507e-01 6.692956e-02
    outer loop
      vertex 2.520000e+03 3.928960e+01 7.318576e+02
      vertex 2.520000e+03 3.747388e+01 7.589117e+02
      vertex 3.600000e+03 6.277238e+01 8.951778e+02
    endloop
  endfacet
  facet normal 1.000000e+00 -0.000000e+00 0.000000e+00
    outer loop
      vertex 3.600000e+03 -6.641163e+01 8.405633e+02
      vertex 3.600000e+03 7.432935e+01 8.366025e+02
      vertex 3.600000e+03 6.755890e+01 8.662490e+02
    endloop
  endfacet
  facet normal -5.553311e-02 9.733962e-01 2.222970e-01
    outer loop
      vertex 2.520000e+03 4.303657e+01 7.038275e+02
      vertex 3.600000e+03 6.755890e+01 8.662490e+02
      vertex 3.600000e+03 7.432935e+01 8.366025e+02
    endloop
  endfacet
  facet normal 1.000000e+00 -0.000000e+00 0.000000e+00
    outer loop
      vertex 3.600000e+03 -6.413003e+01 8.631171e+02
      vertex 3.600000e+03 -6.641163e+01 8.405633e+02
      vertex 3.600000e+03 6.755890e+01 8.662490e+02
    endloop
  endfacet
  facet normal 1.000000e+00 0.000000e+00 0.000000e+00
    outer loop
      vertex 3.600000e+03 -6.206696e+01 8.847607e+02
      vertex 3.600000e+03 -6.413003e+01 8.631171e+02
      vertex 3.600000e+03 6.755890e+01 8.662490e+02
    endloop
  endfacet
  facet normal -4.239395e-02 9.902921e-01 1.323790e-01
    outer loop
      vertex 2.520000e+03 4.303657e+01 7.038275e+02
      vertex 2.520000e+03 3.928960e+01 7.318576e+02
      vertex 3.600000e+03 6.755890e+01 8.662490e+02
    endloop
  endfacet
  facet normal 1.000000e+00 -0.000000e+00 0.000000e+00
    outer loop
      vertex 3.600000e+03 -6.894769e+01 8.170472e+02
      vertex 3.600000e+03 8.347451e+01 8.061947e+02
      vertex 3.600000e+03 7.432935e+01 8.366025e+02
    endloop
  endfacet
  facet normal -6.528498e-02 9.555853e-01 2.873928e-01
    outer loop
      vertex 2.520000e+03 4.921350e+01 6.747772e+02
      vertex 3.600000e+03 7.432935e+01 8.366025e+02
      vertex 3.600000e+03 8.347451e+01 8.061947e+02
    endloop
  endfacet
  facet normal 1.000000e+00 0.000000e+00 0.000000e+00
    outer loop
      vertex 3.600000e+03 -6.641163e+01 8.405633e+02
      vertex 3.600000e+03 -6.894769e+01 8.170472e+02
      vertex 3.600000e+03 7.432935e+01 8.366025e+02
    endloop
  endfacet
  facet normal -5.383192e-02 9.767150e-01 2.076772e-01
    outer loop
      vertex 2.520000e+03 4.921350e+01 6.747772e+02
      vertex 2.520000e+03 4.303657e+01 7.038275e+02
      vertex 3.600000e+03 7.432935e+01 8.366025e+02
    endloop
  endfacet
  facet normal 1.000000e+00 -0.000000e+00 0.000000e+00
    outer loop
      vertex 3.600000e+03 -7.177036e+01 7.925212e+02
      vertex 3.600000e+03 9.538393e+01 7.749720e+02
      vertex 3.600000e+03 8.347451e+01 8.061947e+02
    endloop
  endfacet
  facet normal -7.454812e-02 9.317376e-01 3.553978e-01
    outer loop
      vertex 2.520000e+03 5.578604e+01 6.522444e+02
      vertex 3.600000e+03 8.347451e+01 8.061947e+02
      vertex 3.600000e+03 9.538393e+01 7.749720e+02
    endloop
  endfacet
  facet normal 1.000000e+00 0.000000e+00 0.000000e+00
    outer loop
      vertex 3.600000e+03 -6.894769e+01 8.170472e+02
      vertex 3.600000e+03 -7.177036e+01 7.925212e+02
      vertex 3.600000e+03 8.347451e+01 8.061947e+02
    endloop
  endfacet
  facet normal -6.439380e-02 9.580017e-01 2.794390e-01
    outer loop
      vertex 2.520000e+03 5.578604e+01 6.522444e+02
      vertex 2.520000e+03 4.921350e+01 6.747772e+02
      vertex 3.600000e+03 8.347451e+01 8.061947e+02
    endloop
  endfacet
  facet normal 1.000000e+00 -0.000000e+00 0.000000e+00
    outer loop
      vertex 3.600000e+03 -7.495319e+01 7.668861e+02
      vertex 3.600000e+03 1.106343e+02 7.428361e+02
      vertex 3.600000e+03 9.538393e+01 7.749720e+02
    endloop
  endfacet
  facet normal -8.361379e-02 9.002689e-01 4.272291e-01
    outer loop
      vertex 2.520000e+03 6.433675e+01 6.290268e+02
      vertex 3.600000e+03 9.538393e+01 7.749720e+02
      vertex 3.600000e+03 1.106343e+02 7.428361e+02
    endloop
  endfacet
  facet normal 1.000000e+00 0.000000e+00 0.000000e+00
    outer loop
      vertex 3.600000e+03 -7.177036e+01 7.925212e+02
      vertex 3.600000e+03 -7.495319e+01 7.668861e+02
      vertex 3.600000e+03 9.538393e+01 7.749720e+02
    endloop
  endfacet
  facet normal -7.347838e-02 9.358482e-01 3.446579e-01
    outer loop
      vertex 2.520000e+03 6.433675e+01 6.290268e+02
      vertex 2.520000e+03 5.578604e+01 6.522444e+02
      vertex 3.600000e+03 9.538393e+01 7.749720e+02
    endloop
  endfacet
  facet normal 1.000000e+00 -0.000000e+00 0.000000e+00
    outer loop
      vertex 3.600000e+03 -8.262072e+01 7.119456e+02
      vertex 3.600000e+03 1.300211e+02 7.095997e+02
      vertex 3.600000e+03 1.106343e+02 7.428361e+02
    endloop
  endfacet
  facet normal -9.221896e-02 8.601103e-01 5.017030e-01
    outer loop
      vertex 2.520000e+03 7.525166e+01 6.049786e+02
      vertex 3.600000e+03 1.106343e+02 7.428361e+02
      vertex 3.600000e+03 1.300211e+02 7.095997e+02
    endloop
  endfacet
  facet normal 1.000000e+00 -0.000000e+00 0.000000e+00
    outer loop
      vertex 3.600000e+03 -7.854247e+01 7.400684e+02
      vertex 3.600000e+03 -8.262072e+01 7.119456e+02
      vertex 3.600000e+03 1.106343e+02 7.428361e+02
    endloop
  endfacet
  facet normal 1.000000e+00 0.000000e+00 0.000000e+00
    outer loop
      vertex 3.600000e+03 -7.495319e+01 7.668861e+02
      vertex 3.600000e+03 -7.854247e+01 7.400684e+02
      vertex 3.600000e+03 1.106343e+02 7.428361e+02
    endloop
  endfacet
  facet normal -8.230827e-02 9.075058e-01 4.118963e-01
    outer loop
      vertex 2.520000e+03 7.525166e+01 6.049786e+02
      vertex 2.520000e+03 6.433675e+01 6.290268e+02
      vertex 3.600000e+03 1.106343e+02 7.428361e+02
    endloop
  endfacet
  facet normal 1.000000e+00 -0.000000e+00 0.000000e+00
    outer loop
      vertex 3.600000e+03 -8.731111e+01 6.822673e+02
      vertex 3.600000e+03 1.541714e+02 6.750555e+02
      vertex 3.600000e+03 1.300211e+02 7.095997e+02
    endloop
  endfacet
  facet normal -9.943481e-02 8.155114e-01 5.701350e-01
    outer loop
      vertex 2.520000e+03 8.893240e+01 5.800141e+02
      vertex 3.600000e+03 1.300211e+02 7.095997e+02
      vertex 3.600000e+03 1.541714e+02 6.750555e+02
    endloop
  endfacet
  facet normal 1.000000e+00 0.000000e+00 0.000000e+00
    outer loop
      vertex 3.600000e+03 -8.262072e+01 7.119456e+02
      vertex 3.600000e+03 -8.731111e+01 6.822673e+02
      vertex 3.600000e+03 1.300211e+02 7.095997e+02
    endloop
  endfacet
  facet normal -9.065174e-02 8.733421e-01 4.785978e-01
    outer loop
      vertex 2.520000e+03 8.893240e+01 5.800141e+02
      vertex 2.520000e+03 7.525166e+01 6.049786e+02
      vertex 3.600000e+03 1.300211e+02 7.095997e+02
    endloop
  endfacet
  facet normal 1.000000e+00 0.000000e+00 0.000000e+00
    outer loop
      vertex 3.600000e+03 -9.267660e+01 6.509019e+02
      vertex 3.600000e+03 1.733115e+02 6.511528e+02
      vertex 3.600000e+03 1.541714e+02 6.750555e+02
    endloop
  endfacet
  facet normal -1.040465e-01 7.763467e-01 6.216592e-01
    outer loop
      vertex 2.520000e+03 1.021739e+02 5.592330e+02
      vertex 3.600000e+03 1.541714e+02 6.750555e+02
      vertex 3.600000e+03 1.733115e+02 6.511528e+02
    endloop
  endfacet
  facet normal 1.000000e+00 0.000000e+00 0.000000e+00
    outer loop
      vertex 3.600000e+03 -8.731111e+01 6.822673e+02
      vertex 3.600000e+03 -9.267660e+01 6.509019e+02
      vertex 3.600000e+03 1.541714e+02 6.750555e+02
    endloop
  endfacet
  facet normal -9.776236e-02 8.393063e-01 5.347967e-01
    outer loop
      vertex 2.520000e+03 1.021739e+02 5.592330e+02
      vertex 2.520000e+03 8.893240e+01 5.800141e+02
      vertex 3.600000e+03 1.541714e+02 6.750555e+02
    endloop
  endfacet
  facet normal 1.000000e+00 -0.000000e+00 0.000000e+00
    outer loop
      vertex 3.600000e+03 -9.267660e+01 6.509019e+02
      vertex 3.600000e+03 1.950294e+02 6.264933e+02
      vertex 3.600000e+03 1.733115e+02 6.511528e+02
    endloop
  endfacet
  facet normal -1.074919e-01 7.460999e-01 6.571000e-01
    outer loop
      vertex 2.520000e+03 1.176430e+02 5.376891e+02
      vertex 3.600000e+03 1.733115e+02 6.511528e+02
      vertex 3.600000e+03 1.950294e+02 6.264933e+02
    endloop
  endfacet
  facet normal -1.026008e-01 8.080059e-01 5.801720e-01
    outer loop
      vertex 2.520000e+03 1.176430e+02 5.376891e+02
      vertex 2.520000e+03 1.021739e+02 5.592330e+02
      vertex 3.600000e+03 1.733115e+02 6.511528e+02
    endloop
  endfacet
  facet normal 1.000000e+00 -0.000000e+00 0.000000e+00
    outer loop
      vertex 3.600000e+03 -9.887120e+01 6.174803e+02
      vertex 3.600000e+03 2.194236e+02 6.010988e+02
      vertex 3.600000e+03 1.950294e+02 6.264933e+02
    endloop
  endfacet
  facet normal -1.104022e-01 7.167604e-01 6.885244e-01
    outer loop
      vertex 2.520000e+03 1.354489e+02 5.153435e+02
      vertex 3.600000e+03 1.950294e+02 6.264933e+02
      vertex 3.600000e+03 2.194236e+02 6.010988e+02
    endloop
  endfacet
  facet normal 1.000000e+00 0.000000e+00 0.000000e+00
    outer loop
      vertex 3.600000e+03 -9.267660e+01 6.509019e+02
      vertex 3.600000e+03 -9.887120e+01 6.174803e+02
      vertex 3.600000e+03 1.950294e+02 6.264933e+02
    endloop
  endfacet
  facet normal -1.066688e-01 7.776123e-01 6.196296e-01
    outer loop
      vertex 2.520000e+03 1.354489e+02 5.153435e+02
      vertex 2.520000e+03 1.176430e+02 5.376891e+02
      vertex 3.600000e+03 1.950294e+02 6.264933e+02
    endloop
  endfacet
  facet normal 1.000000e+00 -0.000000e+00 0.000000e+00
    outer loop
      vertex 3.600000e+03 -1.034493e+02 5.940155e+02
      vertex 3.600000e+03 2.464734e+02 5.747861e+02
      vertex 3.600000e+03 2.194236e+02 6.010988e+02
    endloop
  endfacet
  facet normal -1.127832e-01 6.928233e-01 7.122330e-01
    outer loop
      vertex 2.520000e+03 1.556550e+02 4.921099e+02
      vertex 3.600000e+03 2.194236e+02 6.010988e+02
      vertex 3.600000e+03 2.464734e+02 5.747861e+02
    endloop
  endfacet
  facet normal 1.000000e+00 0.000000e+00 0.000000e+00
    outer loop
      vertex 3.600000e+03 -9.887120e+01 6.174803e+02
      vertex 3.600000e+03 -1.034493e+02 5.940155e+02
      vertex 3.600000e+03 2.194236e+02 6.010988e+02
    endloop
  endfacet
  facet normal -1.101036e-01 7.499699e-01 6.522441e-01
    outer loop
      vertex 2.520000e+03 1.556550e+02 4.921099e+02
      vertex 2.520000e+03 1.354489e+02 5.153435e+02
      vertex 3.600000e+03 2.194236e+02 6.010988e+02
    endloop
  endfacet
  facet normal 1.000000e+00 -0.000000e+00 0.000000e+00
    outer loop
      vertex 3.600000e+03 -1.083935e+02 5.695157e+02
      vertex 3.600000e+03 2.762582e+02 5.475270e+02
      vertex 3.600000e+03 2.464734e+02 5.747861e+02
    endloop
  endfacet
  facet normal -1.148831e-01 6.706666e-01 7.328085e-01
    outer loop
      vertex 2.520000e+03 1.782109e+02 4.679474e+02
      vertex 3.600000e+03 2.464734e+02 5.747861e+02
      vertex 3.600000e+03 2.762582e+02 5.475270e+02
    endloop
  endfacet
  facet normal 1.000000e+00 0.000000e+00 0.000000e+00
    outer loop
      vertex 3.600000e+03 -1.034493e+02 5.940155e+02
      vertex 3.600000e+03 -1.083935e+02 5.695157e+02
      vertex 3.600000e+03 2.464734e+02 5.747861e+02
    endloop
  endfacet
  facet normal -1.129800e-01 7.263107e-01 6.780179e-01
    outer loop
      vertex 2.520000e+03 1.782109e+02 4.679474e+02
      vertex 2.520000e+03 1.556550e+02 4.921099e+02
      vertex 3.600000e+03 2.464734e+02 5.747861e+02
    endloop
  endfacet
  facet normal 1.000000e+00 -0.000000e+00 0.000000e+00
    outer loop
      vertex 3.600000e+03 -1.136914e+02 5.439904e+02
      vertex 3.600000e+03 3.086274e+02 5.190526e+02
      vertex 3.600000e+03 2.762582e+02 5.475270e+02
    endloop
  endfacet
  facet normal -1.164848e-01 6.559950e-01 7.457224e-01
    outer loop
      vertex 2.520000e+03 1.987982e+02 4.469665e+02
      vertex 3.600000e+03 2.762582e+02 5.475270e+02
      vertex 3.600000e+03 3.086274e+02 5.190526e+02
    endloop
  endfacet
  facet normal 1.000000e+00 0.000000e+00 0.000000e+00
    outer loop
      vertex 3.600000e+03 -1.083935e+02 5.695157e+02
      vertex 3.600000e+03 -1.136914e+02 5.439904e+02
      vertex 3.600000e+03 2.762582e+02 5.475270e+02
    endloop
  endfacet
  facet normal -1.156259e-01 7.089817e-01 6.956835e-01
    outer loop
      vertex 2.520000e+03 1.987982e+02 4.469665e+02
      vertex 2.520000e+03 1.782109e+02 4.679474e+02
      vertex 3.600000e+03 2.762582e+02 5.475270e+02
    endloop
  endfacet
  facet normal 1.000000e+00 -0.000000e+00 0.000000e+00
    outer loop
      vertex 3.600000e+03 -1.192847e+02 5.173255e+02
      vertex 3.600000e+03 3.346571e+02 4.966588e+02
      vertex 3.600000e+03 3.086274e+02 5.190526e+02
    endloop
  endfacet
  facet normal -1.180669e-01 6.476146e-01 7.527653e-01
    outer loop
      vertex 2.520000e+03 2.209927e+02 4.250542e+02
      vertex 3.600000e+03 3.086274e+02 5.190526e+02
      vertex 3.600000e+03 3.346571e+02 4.966588e+02
    endloop
  endfacet
  facet normal 1.000000e+00 0.000000e+00 0.000000e+00
    outer loop
      vertex 3.600000e+03 -1.136914e+02 5.439904e+02
      vertex 3.600000e+03 -1.192847e+02 5.173255e+02
      vertex 3.600000e+03 3.086274e+02 5.190526e+02
    endloop
  endfacet
  facet normal -1.181120e-01 6.976509e-01 7.066348e-01
    outer loop
      vertex 2.520000e+03 2.209927e+02 4.250542e+02
      vertex 2.520000e+03 1.987982e+02 4.469665e+02
      vertex 3.600000e+03 3.086274e+02 5.190526e+02
    endloop
  endfacet
  facet normal 1.000000e+00 -0.000000e+00 0.000000e+00
    outer loop
      vertex 3.600000e+03 -1.251984e+02 4.895459e+02
      vertex 3.600000e+03 3.621461e+02 4.734377e+02
      vertex 3.600000e+03 3.346571e+02 4.966588e+02
    endloop
  endfacet
  facet normal -1.197888e-01 6.406680e-01 7.584162e-01
    outer loop
      vertex 2.520000e+03 2.445684e+02 4.021792e+02
      vertex 3.600000e+03 3.346571e+02 4.966588e+02
      vertex 3.600000e+03 3.621461e+02 4.734377e+02
    endloop
  endfacet
  facet normal 1.000000e+00 0.000000e+00 0.000000e+00
    outer loop
      vertex 3.600000e+03 -1.192847e+02 5.173255e+02
      vertex 3.600000e+03 -1.251984e+02 4.895459e+02
      vertex 3.600000e+03 3.346571e+02 4.966588e+02
    endloop
  endfacet
  facet normal -1.199984e-01 6.913287e-01 7.125062e-01
    outer loop
      vertex 2.520000e+03 2.445684e+02 4.021792e+02
      vertex 2.520000e+03 2.209927e+02 4.250542e+02
      vertex 3.600000e+03 3.346571e+02 4.966588e+02
    endloop
  endfacet
  facet normal 1.000000e+00 -0.000000e+00 0.000000e+00
    outer loop
      vertex 3.600000e+03 -1.313242e+02 4.605562e+02
      vertex 3.600000e+03 3.903224e+02 4.491752e+02
      vertex 3.600000e+03 3.621461e+02 4.734377e+02
    endloop
  endfacet
  facet normal -1.220191e-01 6.476400e-01 7.521129e-01
    outer loop
      vertex 2.520000e+03 2.695778e+02 3.779339e+02
      vertex 3.600000e+03 3.621461e+02 4.734377e+02
      vertex 3.600000e+03 3.903224e+02 4.491752e+02
    endloop
  endfacet
  facet normal 1.000000e+00 0.000000e+00 0.000000e+00
    outer loop
      vertex 3.600000e+03 -1.251984e+02 4.895459e+02
      vertex 3.600000e+03 -1.313242e+02 4.605562e+02
      vertex 3.600000e+03 3.621461e+02 4.734377e+02
    endloop
  endfacet
  facet normal -1.222278e-01 6.908359e-01 7.126052e-01
    outer loop
      vertex 2.520000e+03 2.695778e+02 3.779339e+02
      vertex 2.520000e+03 2.445684e+02 4.021792e+02
      vertex 3.600000e+03 3.621461e+02 4.734377e+02
    endloop
  endfacet
  facet normal 1.000000e+00 -0.000000e+00 0.000000e+00
    outer loop
      vertex 3.600000e+03 -1.376603e+02 4.303410e+02
      vertex 3.600000e+03 4.197704e+02 4.233406e+02
      vertex 3.600000e+03 3.903224e+02 4.491752e+02
    endloop
  endfacet
  facet normal -1.243795e-01 6.543608e-01 7.458832e-01
    outer loop
      vertex 2.520000e+03 2.959409e+02 3.518808e+02
      vertex 3.600000e+03 3.903224e+02 4.491752e+02
      vertex 3.600000e+03 4.197704e+02 4.233406e+02
    endloop
  endfacet
  facet normal 1.000000e+00 0.000000e+00 0.000000e+00
    outer loop
      vertex 3.600000e+03 -1.313242e+02 4.605562e+02
      vertex 3.600000e+03 -1.376603e+02 4.303410e+02
      vertex 3.600000e+03 3.903224e+02 4.491752e+02
    endloop
  endfacet
  facet normal -1.245279e-01 6.974410e-01 7.057399e-01
    outer loop
      vertex 2.520000e+03 2.959409e+02 3.518808e+02
      vertex 2.520000e+03 2.695778e+02 3.779339e+02
      vertex 3.600000e+03 3.903224e+02 4.491752e+02
    endloop
  endfacet
  facet normal 1.000000e+00 -0.000000e+00 0.000000e+00
    outer loop
      vertex 3.600000e+03 -1.441291e+02 3.988524e+02
      vertex 3.600000e+03 4.497044e+02 3.965345e+02
      vertex 3.600000e+03 4.197704e+02 4.233406e+02
    endloop
  endfacet
  facet normal -1.247971e-01 6.618983e-01 7.391322e-01
    outer loop
      vertex 2.520000e+03 2.959409e+02 3.518808e+02
      vertex 3.600000e+03 4.197704e+02 4.233406e+02
      vertex 3.600000e+03 4.497044e+02 3.965345e+02
    endloop
  endfacet
  facet normal 1.000000e+00 0.000000e+00 0.000000e+00
    outer loop
      vertex 3.600000e+03 -1.376603e+02 4.303410e+02
      vertex 3.600000e+03 -1.441291e+02 3.988524e+02
      vertex 3.600000e+03 4.197704e+02 4.233406e+02
    endloop
  endfacet
  facet normal 1.000000e+00 0.000000e+00 0.000000e+00
    outer loop
      vertex 3.600000e+03 -1.505634e+02 3.659722e+02
      vertex 3.600000e+03 4.773323e+02 3.702094e+02
      vertex 3.600000e+03 4.497044e+02 3.965345e+02
    endloop
  endfacet
  facet normal -1.284145e-01 6.841195e-01 7.179766e-01
    outer loop
      vertex 2.520000e+03 3.214008e+02 3.256233e+02
      vertex 3.600000e+03 4.497044e+02 3.965345e+02
      vertex 3.600000e+03 4.773323e+02 3.702094e+02
    endloop
  endfacet
  facet normal 1.000000e+00 0.000000e+00 0.000000e+00
    outer loop
      vertex 3.600000e+03 -1.441291e+02 3.988524e+02
      vertex 3.600000e+03 -1.505634e+02 3.659722e+02
      vertex 3.600000e+03 4.497044e+02 3.965345e+02
    endloop
  endfacet
  facet normal -1.298859e-01 7.118450e-01 6.902220e-01
    outer loop
      vertex 2.520000e+03 3.214008e+02 3.256233e+02
      vertex 2.520000e+03 2.959409e+02 3.518808e+02
      vertex 3.600000e+03 4.497044e+02 3.965345e+02
    endloop
  endfacet
  facet normal 1.000000e+00 -0.000000e+00 0.000000e+00
    outer loop
      vertex 3.600000e+03 -1.505634e+02 3.659722e+02
      vertex 3.600000e+03 5.024864e+02 3.444626e+02
      vertex 3.600000e+03 4.773323e+02 3.702094e+02
    endloop
  endfacet
  facet normal -1.321645e-01 7.090183e-01 6.926944e-01
    outer loop
      vertex 2.520000e+03 3.449263e+02 2.996741e+02
      vertex 3.600000e+03 4.773323e+02 3.702094e+02
      vertex 3.600000e+03 5.024864e+02 3.444626e+02
    endloop
  endfacet
  facet normal -1.334888e-01 7.342266e-01 6.656515e-01
    outer loop
      vertex 2.520000e+03 3.449263e+02 2.996741e+02
      vertex 2.520000e+03 3.214008e+02 3.256233e+02
      vertex 3.600000e+03 4.773323e+02 3.702094e+02
    endloop
  endfacet
  facet normal 1.000000e+00 -0.000000e+00 0.000000e+00
    outer loop
      vertex 3.600000e+03 -1.554160e+02 3.404354e+02
      vertex 3.600000e+03 5.254637e+02 3.191226e+02
      vertex 3.600000e+03 5.024864e+02 3.444626e+02
    endloop
  endfacet
  facet normal -1.360789e-01 7.339073e-01 6.654792e-01
    outer loop
      vertex 2.520000e+03 3.661664e+02 2.739586e+02
      vertex 3.600000e+03 5.024864e+02 3.444626e+02
      vertex 3.600000e+03 5.254637e+02 3.191226e+02
    endloop
  endfacet
  facet normal 1.000000e+00 0.000000e+00 0.000000e+00
    outer loop
      vertex 3.600000e+03 -1.505634e+02 3.659722e+02
      vertex 3.600000e+03 -1.554160e+02 3.404354e+02
      vertex 3.600000e+03 5.024864e+02 3.444626e+02
    endloop
  endfacet
  facet normal -1.375708e-01 7.636787e-01 6.307687e-01
    outer loop
      vertex 2.520000e+03 3.661664e+02 2.739586e+02
      vertex 2.520000e+03 3.449263e+02 2.996741e+02
      vertex 3.600000e+03 5.024864e+02 3.444626e+02
    endloop
  endfacet
  facet normal 1.000000e+00 -0.000000e+00 0.000000e+00
    outer loop
      vertex 3.600000e+03 -1.646241e+02 2.866611e+02
      vertex 3.600000e+03 5.517079e+02 2.864919e+02
      vertex 3.600000e+03 5.254637e+02 3.191226e+02
    endloop
  endfacet
  facet normal -1.409850e-01 7.714556e-01 6.204671e-01
    outer loop
      vertex 2.520000e+03 3.840790e+02 2.495110e+02
      vertex 3.600000e+03 5.254637e+02 3.191226e+02
      vertex 3.600000e+03 5.517079e+02 2.864919e+02
    endloop
  endfacet
  facet normal 1.000000e+00 -0.000000e+00 0.000000e+00
    outer loop
      vertex 3.600000e+03 -1.601366e+02 3.140293e+02
      vertex 3.600000e+03 -1.646241e+02 2.866611e+02
      vertex 3.600000e+03 5.254637e+02 3.191226e+02
    endloop
  endfacet
  facet normal 1.000000e+00 0.000000e+00 0.000000e+00
    outer loop
      vertex 3.600000e+03 -1.554160e+02 3.404354e+02
      vertex 3.600000e+03 -1.601366e+02 3.140293e+02
      vertex 3.600000e+03 5.254637e+02 3.191226e+02
    endloop
  endfacet
  facet normal -1.422340e-01 7.984496e-01 5.850194e-01
    outer loop
      vertex 2.520000e+03 3.840790e+02 2.495110e+02
      vertex 2.520000e+03 3.661664e+02 2.739586e+02
      vertex 3.600000e+03 5.254637e+02 3.191226e+02
    endloop
  endfacet
  facet normal 1.000000e+00 -0.000000e+00 0.000000e+00
    outer loop
      vertex 3.600000e+03 -1.689742e+02 2.583804e+02
      vertex 3.600000e+03 5.730516e+02 2.551408e+02
      vertex 3.600000e+03 5.517079e+02 2.864919e+02
    endloop
  endfacet
  facet normal -1.468225e-01 8.176624e-01 5.566610e-01
    outer loop
      vertex 2.520000e+03 3.988642e+02 2.261434e+02
      vertex 3.600000e+03 5.517079e+02 2.864919e+02
      vertex 3.600000e+03 5.730516e+02 2.551408e+02
    endloop
  endfacet
  facet normal 1.000000e+00 0.000000e+00 0.000000e+00
    outer loop
      vertex 3.600000e+03 -1.646241e+02 2.866611e+02
      vertex 3.600000e+03 -1.689742e+02 2.583804e+02
      vertex 3.600000e+03 5.517079e+02 2.864919e+02
    endloop
  endfacet
  facet normal -1.478284e-01 8.357674e-01 5.288096e-01
    outer loop
      vertex 2.520000e+03 3.988642e+02 2.261434e+02
      vertex 2.520000e+03 3.840790e+02 2.495110e+02
      vertex 3.600000e+03 5.517079e+02 2.864919e+02
    endloop
  endfacet
  facet normal 1.000000e+00 -0.000000e+00 0.000000e+00
    outer loop
      vertex 3.600000e+03 -1.730485e+02 2.291780e+02
      vertex 3.600000e+03 5.905884e+02 2.241285e+02
      vertex 3.600000e+03 5.730516e+02 2.551408e+02
    endloop
  endfacet
  facet normal -1.524890e-01 8.602850e-01 4.864738e-01
    outer loop
      vertex 2.520000e+03 4.111123e+02 2.029815e+02
      vertex 3.600000e+03 5.730516e+02 2.551408e+02
      vertex 3.600000e+03 5.905884e+02 2.241285e+02
    endloop
  endfacet
  facet normal 1.000000e+00 0.000000e+00 0.000000e+00
    outer loop
      vertex 3.600000e+03 -1.689742e+02 2.583804e+02
      vertex 3.600000e+03 -1.730485e+02 2.291780e+02
      vertex 3.600000e+03 5.730516e+02 2.551408e+02
    endloop
  endfacet
  facet normal -1.532949e-01 8.735609e-01 4.619438e-01
    outer loop
      vertex 2.520000e+03 4.111123e+02 2.029815e+02
      vertex 2.520000e+03 3.988642e+02 2.261434e+02
      vertex 3.600000e+03 5.730516e+02 2.551408e+02
    endloop
  endfacet
  facet normal 1.000000e+00 -0.000000e+00 0.000000e+00
    outer loop
      vertex 3.600000e+03 -1.767104e+02 1.990260e+02
      vertex 3.600000e+03 6.042051e+02 1.938768e+02
      vertex 3.600000e+03 5.905884e+02 2.241285e+02
    endloop
  endfacet
  facet normal -1.580651e-01 9.004204e-01 4.052882e-01
    outer loop
      vertex 2.520000e+03 4.207184e+02 1.803181e+02
      vertex 3.600000e+03 5.905884e+02 2.241285e+02
      vertex 3.600000e+03 6.042051e+02 1.938768e+02
    endloop
  endfacet
  facet normal 1.000000e+00 0.000000e+00 0.000000e+00
    outer loop
      vertex 3.600000e+03 -1.730485e+02 2.291780e+02
      vertex 3.600000e+03 -1.767104e+02 1.990260e+02
      vertex 3.600000e+03 5.905884e+02 2.241285e+02
    endloop
  endfacet
  facet normal -1.586126e-01 9.090540e-01 3.853088e-01
    outer loop
      vertex 2.520000e+03 4.207184e+02 1.803181e+02
      vertex 2.520000e+03 4.111123e+02 2.029815e+02
      vertex 3.600000e+03 5.905884e+02 2.241285e+02
    endloop
  endfacet
  facet normal 1.000000e+00 -0.000000e+00 0.000000e+00
    outer loop
      vertex 3.600000e+03 -1.800657e+02 1.678811e+02
      vertex 3.600000e+03 6.152357e+02 1.608589e+02
      vertex 3.600000e+03 6.042051e+02 1.938768e+02
    endloop
  endfacet
  facet normal -1.653412e-01 9.354163e-01 3.125036e-01
    outer loop
      vertex 2.520000e+03 4.348268e+02 1.294640e+02
      vertex 3.600000e+03 6.042051e+02 1.938768e+02
      vertex 3.600000e+03 6.152357e+02 1.608589e+02
    endloop
  endfacet
  facet normal 1.000000e+00 0.000000e+00 0.000000e+00
    outer loop
      vertex 3.600000e+03 -1.767104e+02 1.990260e+02
      vertex 3.600000e+03 -1.800657e+02 1.678811e+02
      vertex 3.600000e+03 6.042051e+02 1.938768e+02
    endloop
  endfacet
  facet normal -1.632135e-01 9.380969e-01 3.055088e-01
    outer loop
      vertex 2.520000e+03 4.284334e+02 1.566281e+02
      vertex 2.520000e+03 4.207184e+02 1.803181e+02
      vertex 3.600000e+03 6.042051e+02 1.938768e+02
    endloop
  endfacet
  facet normal -1.640704e-01 9.602121e-01 2.259947e-01
    outer loop
      vertex 2.520000e+03 4.348268e+02 1.294640e+02
      vertex 2.520000e+03 4.284334e+02 1.566281e+02
      vertex 3.600000e+03 6.042051e+02 1.938768e+02
    endloop
  endfacet
  facet normal 1.000000e+00 -0.000000e+00 0.000000e+00
    outer loop
      vertex 3.600000e+03 -1.829921e+02 1.358472e+02
      vertex 3.600000e+03 6.240796e+02 1.239783e+02
      vertex 3.600000e+03 6.152357e+02 1.608589e+02
    endloop
  endfacet
  facet normal -1.668468e-01 9.588009e-01 2.299195e-01
    outer loop
      vertex 2.520000e+03 4.348268e+02 1.294640e+02
      vertex 3.600000e+03 6.152357e+02 1.608589e+02
      vertex 3.600000e+03 6.240796e+02 1.239783e+02
    endloop
  endfacet
  facet normal 1.000000e+00 0.000000e+00 0.000000e+00
    outer loop
      vertex 3.600000e+03 -1.800657e+02 1.678811e+02
      vertex 3.600000e+03 -1.829921e+02 1.358472e+02
      vertex 3.600000e+03 6.152357e+02 1.608589e+02
    endloop
  endfacet
  facet normal 1.000000e+00 -0.000000e+00 0.000000e+00
    outer loop
      vertex 3.600000e+03 -1.848956e+02 1.096672e+02
      vertex 3.600000e+03 6.303195e+02 8.470512e+01
      vertex 3.600000e+03 6.240796e+02 1.239783e+02
    endloop
  endfacet
  facet normal -1.698614e-01 9.732600e-01 1.546355e-01
    outer loop
      vertex 2.520000e+03 4.395378e+02 9.912515e+01
      vertex 3.600000e+03 6.240796e+02 1.239783e+02
      vertex 3.600000e+03 6.303195e+02 8.470512e+01
    endloop
  endfacet
  facet normal 1.000000e+00 0.000000e+00 0.000000e+00
    outer loop
      vertex 3.600000e+03 -1.829921e+02 1.358472e+02
      vertex 3.600000e+03 -1.848956e+02 1.096672e+02
      vertex 3.600000e+03 6.240796e+02 1.239783e+02
    endloop
  endfacet
  facet normal -1.698741e-01 9.737957e-01 1.512112e-01
    outer loop
      vertex 2.520000e+03 4.395378e+02 9.912515e+01
      vertex 2.520000e+03 4.348268e+02 1.294640e+02
      vertex 3.600000e+03 6.240796e+02 1.239783e+02
    endloop
  endfacet
  facet normal 1.000000e+00 -0.000000e+00 0.000000e+00
    outer loop
      vertex 3.600000e+03 -1.875108e+02 5.584965e+01
      vertex 3.600000e+03 6.338720e+02 4.344379e+01
      vertex 3.600000e+03 6.303195e+02 8.470512e+01
    endloop
  endfacet
  facet normal -1.720867e-01 9.814509e-01 8.450038e-02
    outer loop
      vertex 2.520000e+03 4.424265e+02 6.759451e+01
      vertex 3.600000e+03 6.303195e+02 8.470512e+01
      vertex 3.600000e+03 6.338720e+02 4.344379e+01
    endloop
  endfacet
  facet normal 1.000000e+00 -0.000000e+00 0.000000e+00
    outer loop
      vertex 3.600000e+03 -1.863854e+02 8.301242e+01
      vertex 3.600000e+03 -1.875108e+02 5.584965e+01
      vertex 3.600000e+03 6.303195e+02 8.470512e+01
    endloop
  endfacet
  facet normal 1.000000e+00 0.000000e+00 0.000000e+00
    outer loop
      vertex 3.600000e+03 -1.848956e+02 1.096672e+02
      vertex 3.600000e+03 -1.863854e+02 8.301242e+01
      vertex 3.600000e+03 6.303195e+02 8.470512e+01
    endloop
  endfacet
  facet normal -1.720887e-01 9.809733e-01 8.987132e-02
    outer loop
      vertex 2.520000e+03 4.424265e+02 6.759451e+01
      vertex 2.520000e+03 4.395378e+02 9.912515e+01
      vertex 3.600000e+03 6.303195e+02 8.470512e+01
    endloop
  endfacet
  facet normal 1.000000e+00 0.000000e+00 0.000000e+00
    outer loop
      vertex 3.600000e+03 -1.886680e+02 -4.141034e-13
      vertex 3.600000e+03 6.347772e+02 1.005522e-12
      vertex 3.600000e+03 6.338720e+02 4.344379e+01
    endloop
  endfacet
  facet normal -1.733546e-01 9.846458e-01 2.051493e-02
    outer loop
      vertex 2.520000e+03 4.439118e+02 3.469483e+01
      vertex 3.600000e+03 6.338720e+02 4.344379e+01
      vertex 3.600000e+03 6.347772e+02 1.005522e-12
    endloop
  endfacet
  facet normal 1.000000e+00 -0.000000e+00 0.000000e+00
    outer loop
      vertex 3.600000e+03 -1.882716e+02 2.817884e+01
      vertex 3.600000e+03 -1.886680e+02 -4.141034e-13
      vertex 3.600000e+03 6.338720e+02 4.344379e+01
    endloop
  endfacet
  facet normal 1.000000e+00 0.000000e+00 0.000000e+00
    outer loop
      vertex 3.600000e+03 -1.875108e+02 5.584965e+01
      vertex 3.600000e+03 -1.882716e+02 2.817884e+01
      vertex 3.600000e+03 6.338720e+02 4.344379e+01
    endloop
  endfacet
  facet normal -1.734079e-01 9.838479e-01 4.441850e-02
    outer loop
      vertex 2.520000e+03 4.439118e+02 3.469483e+01
      vertex 2.520000e+03 4.424265e+02 6.759451e+01
      vertex 3.600000e+03 6.338720e+02 4.344379e+01
    endloop
  endfacet
  facet normal 1.000000e+00 -0.000000e+00 0.000000e+00
    outer loop
      vertex 3.600000e+03 -1.881227e+02 -3.495195e+01
      vertex 3.600000e+03 6.338156e+02 -4.415139e+01
      vertex 3.600000e+03 6.347772e+02 1.005522e-12
    endloop
  endfacet
  facet normal -1.736083e-01 9.845814e-01 -2.144253e-02
    outer loop
      vertex 2.520000e+03 4.443440e+02 2.426974e-15
      vertex 3.600000e+03 6.347772e+02 1.005522e-12
      vertex 3.600000e+03 6.338156e+02 -4.415139e+01
    endloop
  endfacet
  facet normal 1.000000e+00 -0.000000e+00 0.000000e+00
    outer loop
      vertex 3.600000e+03 -1.886680e+02 -4.141034e-13
      vertex 3.600000e+03 -1.881227e+02 -3.495195e+01
      vertex 3.600000e+03 6.347772e+02 1.005522e-12
    endloop
  endfacet
  facet normal -1.736351e-01 9.847336e-01 1.226648e-02
    outer loop
      vertex 2.520000e+03 4.439118e+02 3.469483e+01
      vertex 3.600000e+03 6.347772e+02 1.005522e-12
      vertex 2.520000e+03 4.443440e+02 2.426974e-15
    endloop
  endfacet
  facet normal 1.000000e+00 -0.000000e+00 0.000000e+00
    outer loop
      vertex 3.600000e+03 -1.870120e+02 -6.912460e+01
      vertex 3.600000e+03 6.301772e+02 -8.588612e+01
      vertex 3.600000e+03 6.338156e+02 -4.415139e+01
    endloop
  endfacet
  facet normal -1.720330e-01 9.813691e-01 -8.555312e-02
    outer loop
      vertex 2.520000e+03 4.423530e+02 -6.869582e+01
      vertex 3.600000e+03 6.338156e+02 -4.415139e+01
      vertex 3.600000e+03 6.301772e+02 -8.588612e+01
    endloop
  endfacet
  facet normal 1.000000e+00 0.000000e+00 0.000000e+00
    outer loop
      vertex 3.600000e+03 -1.881227e+02 -3.495195e+01
      vertex 3.600000e+03 -1.870120e+02 -6.912460e+01
      vertex 3.600000e+03 6.338156e+02 -4.415139e+01
    endloop
  endfacet
  facet normal -1.732815e-01 9.847924e-01 -1.254442e-02
    outer loop
      vertex 2.520000e+03 4.438935e+02 -3.536739e+01
      vertex 2.520000e+03 4.443440e+02 2.426974e-15
      vertex 3.600000e+03 6.338156e+02 -4.415139e+01
    endloop
  endfacet
  facet normal -1.733758e-01 9.838054e-01 -4.547397e-02
    outer loop
      vertex 2.520000e+03 4.423530e+02 -6.869582e+01
      vertex 2.520000e+03 4.438935e+02 -3.536739e+01
      vertex 3.600000e+03 6.338156e+02 -4.415139e+01
    endloop
  endfacet
  facet normal 1.000000e+00 -0.000000e+00 0.000000e+00
    outer loop
      vertex 3.600000e+03 -1.853362e+02 -1.025180e+02
      vertex 3.600000e+03 6.238225e+02 -1.253442e+02
      vertex 3.600000e+03 6.301772e+02 -8.588612e+01
    endloop
  endfacet
  facet normal -1.697750e-01 9.729458e-01 -1.566938e-01
    outer loop
      vertex 2.520000e+03 4.393765e+02 -1.004484e+02
      vertex 3.600000e+03 6.301772e+02 -8.588612e+01
      vertex 3.600000e+03 6.238225e+02 -1.253442e+02
    endloop
  endfacet
  facet normal 1.000000e+00 0.000000e+00 0.000000e+00
    outer loop
      vertex 3.600000e+03 -1.870120e+02 -6.912460e+01
      vertex 3.600000e+03 -1.853362e+02 -1.025180e+02
      vertex 3.600000e+03 6.301772e+02 -8.588612e+01
    endloop
  endfacet
  facet normal -1.720342e-01 9.807914e-01 -9.193760e-02
    outer loop
      vertex 2.520000e+03 4.393765e+02 -1.004484e+02
      vertex 2.520000e+03 4.423530e+02 -6.869582e+01
      vertex 3.600000e+03 6.301772e+02 -8.588612e+01
    endloop
  endfacet
  facet normal 1.000000e+00 -0.000000e+00 0.000000e+00
    outer loop
      vertex 3.600000e+03 -1.830466e+02 -1.351660e+02
      vertex 3.600000e+03 6.148339e+02 -1.622342e+02
      vertex 3.600000e+03 6.238225e+02 -1.253442e+02
    endloop
  endfacet
  facet normal -1.689229e-01 9.576122e-01 -2.333325e-01
    outer loop
      vertex 2.520000e+03 4.393765e+02 -1.004484e+02
      vertex 3.600000e+03 6.238225e+02 -1.253442e+02
      vertex 3.600000e+03 6.148339e+02 -1.622342e+02
    endloop
  endfacet
  facet normal 1.000000e+00 0.000000e+00 0.000000e+00
    outer loop
      vertex 3.600000e+03 -1.853362e+02 -1.025180e+02
      vertex 3.600000e+03 -1.830466e+02 -1.351660e+02
      vertex 3.600000e+03 6.238225e+02 -1.253442e+02
    endloop
  endfacet
  facet normal 1.000000e+00 -0.000000e+00 0.000000e+00
    outer loop
      vertex 3.600000e+03 -1.801456e+02 -1.670672e+02
      vertex 3.600000e+03 6.036312e+02 -1.953283e+02
      vertex 3.600000e+03 6.148339e+02 -1.622342e+02
    endloop
  endfacet
  facet normal -1.651305e-01 9.341986e-01 -3.162354e-01
    outer loop
      vertex 2.520000e+03 4.345558e+02 -1.308479e+02
      vertex 3.600000e+03 6.148339e+02 -1.622342e+02
      vertex 3.600000e+03 6.036312e+02 -1.953283e+02
    endloop
  endfacet
  facet normal 1.000000e+00 0.000000e+00 0.000000e+00
    outer loop
      vertex 3.600000e+03 -1.830466e+02 -1.351660e+02
      vertex 3.600000e+03 -1.801456e+02 -1.670672e+02
      vertex 3.600000e+03 6.148339e+02 -1.622342e+02
    endloop
  endfacet
  facet normal -1.670355e-01 9.737830e-01 -1.544210e-01
    outer loop
      vertex 2.520000e+03 4.345558e+02 -1.308479e+02
      vertex 2.520000e+03 4.393765e+02 -1.004484e+02
      vertex 3.600000e+03 6.148339e+02 -1.622342e+02
    endloop
  endfacet
  facet normal 1.000000e+00 -0.000000e+00 0.000000e+00
    outer loop
      vertex 3.600000e+03 -1.768181e+02 -1.980917e+02
      vertex 3.600000e+03 5.898092e+02 -2.256718e+02
      vertex 3.600000e+03 6.036312e+02 -1.953283e+02
    endloop
  endfacet
  facet normal -1.601775e-01 8.982831e-01 -4.091829e-01
    outer loop
      vertex 2.520000e+03 4.280300e+02 -1.580539e+02
      vertex 3.600000e+03 6.036312e+02 -1.953283e+02
      vertex 3.600000e+03 5.898092e+02 -2.256718e+02
    endloop
  endfacet
  facet normal 1.000000e+00 0.000000e+00 0.000000e+00
    outer loop
      vertex 3.600000e+03 -1.801456e+02 -1.670672e+02
      vertex 3.600000e+03 -1.768181e+02 -1.980917e+02
      vertex 3.600000e+03 6.036312e+02 -1.953283e+02
    endloop
  endfacet
  facet normal -1.639118e-01 9.592644e-01 -2.300972e-01
    outer loop
      vertex 2.520000e+03 4.280300e+02 -1.580539e+02
      vertex 2.520000e+03 4.345558e+02 -1.308479e+02
      vertex 3.600000e+03 6.036312e+02 -1.953283e+02
    endloop
  endfacet
  facet normal 1.000000e+00 -0.000000e+00 0.000000e+00
    outer loop
      vertex 3.600000e+03 -1.731845e+02 -2.281343e+02
      vertex 3.600000e+03 5.720018e+02 -2.568168e+02
      vertex 3.600000e+03 5.898092e+02 -2.256718e+02
    endloop
  endfacet
  facet normal -1.521613e-01 8.580119e-01 -4.905736e-01
    outer loop
      vertex 2.520000e+03 4.103814e+02 -2.045068e+02
      vertex 3.600000e+03 5.898092e+02 -2.256718e+02
      vertex 3.600000e+03 5.720018e+02 -2.568168e+02
    endloop
  endfacet
  facet normal 1.000000e+00 0.000000e+00 0.000000e+00
    outer loop
      vertex 3.600000e+03 -1.768181e+02 -1.980917e+02
      vertex 3.600000e+03 -1.731845e+02 -2.281343e+02
      vertex 3.600000e+03 5.898092e+02 -2.256718e+02
    endloop
  endfacet
  facet normal -1.598056e-01 9.370367e-01 -3.105229e-01
    outer loop
      vertex 2.520000e+03 4.201654e+02 -1.817859e+02
      vertex 2.520000e+03 4.280300e+02 -1.580539e+02
      vertex 3.600000e+03 5.898092e+02 -2.256718e+02
    endloop
  endfacet
  facet normal -1.583191e-01 9.068785e-01 -3.905207e-01
    outer loop
      vertex 2.520000e+03 4.103814e+02 -2.045068e+02
      vertex 2.520000e+03 4.201654e+02 -1.817859e+02
      vertex 3.600000e+03 5.898092e+02 -2.256718e+02
    endloop
  endfacet
  facet normal 1.000000e+00 -0.000000e+00 0.000000e+00
    outer loop
      vertex 3.600000e+03 -1.648210e+02 -2.854336e+02
      vertex 3.600000e+03 5.503306e+02 -2.883334e+02
      vertex 3.600000e+03 5.720018e+02 -2.568168e+02
    endloop
  endfacet
  facet normal -1.464654e-01 8.151125e-01 -5.604815e-01
    outer loop
      vertex 2.520000e+03 3.979138e+02 -2.277681e+02
      vertex 3.600000e+03 5.720018e+02 -2.568168e+02
      vertex 3.600000e+03 5.503306e+02 -2.883334e+02
    endloop
  endfacet
  facet normal 1.000000e+00 -0.000000e+00 0.000000e+00
    outer loop
      vertex 3.600000e+03 -1.691407e+02 -2.572396e+02
      vertex 3.600000e+03 -1.648210e+02 -2.854336e+02
      vertex 3.600000e+03 5.720018e+02 -2.568168e+02
    endloop
  endfacet
  facet normal 1.000000e+00 0.000000e+00 0.000000e+00
    outer loop
      vertex 3.600000e+03 -1.731845e+02 -2.281343e+02
      vertex 3.600000e+03 -1.691407e+02 -2.572396e+02
      vertex 3.600000e+03 5.720018e+02 -2.568168e+02
    endloop
  endfacet
  facet normal -1.529573e-01 8.710114e-01 -4.668438e-01
    outer loop
      vertex 2.520000e+03 3.979138e+02 -2.277681e+02
      vertex 2.520000e+03 4.103814e+02 -2.045068e+02
      vertex 3.600000e+03 5.720018e+02 -2.568168e+02
    endloop
  endfacet
  facet normal 1.000000e+00 -0.000000e+00 0.000000e+00
    outer loop
      vertex 3.600000e+03 -1.603615e+02 -3.127231e+02
      vertex 3.600000e+03 5.237355e+02 -3.211230e+02
      vertex 3.600000e+03 5.503306e+02 -2.883334e+02
    endloop
  endfacet
  facet normal -1.406315e-01 7.689332e-01 -6.236702e-01
    outer loop
      vertex 2.520000e+03 3.828813e+02 -2.512550e+02
      vertex 3.600000e+03 5.503306e+02 -2.883334e+02
      vertex 3.600000e+03 5.237355e+02 -3.211230e+02
    endloop
  endfacet
  facet normal 1.000000e+00 0.000000e+00 0.000000e+00
    outer loop
      vertex 3.600000e+03 -1.648210e+02 -2.854336e+02
      vertex 3.600000e+03 -1.603615e+02 -3.127231e+02
      vertex 3.600000e+03 5.503306e+02 -2.883334e+02
    endloop
  endfacet
  facet normal -1.474658e-01 8.330491e-01 -5.331821e-01
    outer loop
      vertex 2.520000e+03 3.828813e+02 -2.512550e+02
      vertex 2.520000e+03 3.979138e+02 -2.277681e+02
      vertex 3.600000e+03 5.503306e+02 -2.883334e+02
    endloop
  endfacet
  facet normal 1.000000e+00 -0.000000e+00 0.000000e+00
    outer loop
      vertex 3.600000e+03 -1.556675e+02 -3.390599e+02
      vertex 3.600000e+03 5.004615e+02 -3.465894e+02
      vertex 3.600000e+03 5.237355e+02 -3.211230e+02
    endloop
  endfacet
  facet normal -1.357248e-01 7.313374e-01 -6.683745e-01
    outer loop
      vertex 2.520000e+03 3.647083e+02 -2.758187e+02
      vertex 3.600000e+03 5.237355e+02 -3.211230e+02
      vertex 3.600000e+03 5.004615e+02 -3.465894e+02
    endloop
  endfacet
  facet normal 1.000000e+00 0.000000e+00 0.000000e+00
    outer loop
      vertex 3.600000e+03 -1.603615e+02 -3.127231e+02
      vertex 3.600000e+03 -1.556675e+02 -3.390599e+02
      vertex 3.600000e+03 5.237355e+02 -3.211230e+02
    endloop
  endfacet
  facet normal -1.418725e-01 7.957748e-01 -5.887399e-01
    outer loop
      vertex 2.520000e+03 3.647083e+02 -2.758187e+02
      vertex 2.520000e+03 3.828813e+02 -2.512550e+02
      vertex 3.600000e+03 5.237355e+02 -3.211230e+02
    endloop
  endfacet
  facet normal 1.000000e+00 -0.000000e+00 0.000000e+00
    outer loop
      vertex 3.600000e+03 -1.508395e+02 -3.645356e+02
      vertex 3.600000e+03 4.750862e+02 -3.724045e+02
      vertex 3.600000e+03 5.004615e+02 -3.465894e+02
    endloop
  endfacet
  facet normal -1.318485e-01 7.069288e-01 -6.948868e-01
    outer loop
      vertex 2.520000e+03 3.431824e+02 -3.016740e+02
      vertex 3.600000e+03 5.004615e+02 -3.465894e+02
      vertex 3.600000e+03 4.750862e+02 -3.724045e+02
    endloop
  endfacet
  facet normal 1.000000e+00 0.000000e+00 0.000000e+00
    outer loop
      vertex 3.600000e+03 -1.556675e+02 -3.390599e+02
      vertex 3.600000e+03 -1.508395e+02 -3.645356e+02
      vertex 3.600000e+03 5.004615e+02 -3.465894e+02
    endloop
  endfacet
  facet normal -1.372173e-01 7.612466e-01 -6.337785e-01
    outer loop
      vertex 2.520000e+03 3.431824e+02 -3.016740e+02
      vertex 2.520000e+03 3.647083e+02 -2.758187e+02
      vertex 3.600000e+03 5.004615e+02 -3.465894e+02
    endloop
  endfacet
  facet normal 1.000000e+00 -0.000000e+00 0.000000e+00
    outer loop
      vertex 3.600000e+03 -1.444327e+02 -3.973437e+02
      vertex 3.600000e+03 4.473825e+02 -3.986896e+02
      vertex 3.600000e+03 4.750862e+02 -3.724045e+02
    endloop
  endfacet
  facet normal -1.304484e-01 6.824085e-01 -7.192370e-01
    outer loop
      vertex 2.520000e+03 3.431824e+02 -3.016740e+02
      vertex 3.600000e+03 4.750862e+02 -3.724045e+02
      vertex 3.600000e+03 4.473825e+02 -3.986896e+02
    endloop
  endfacet
  facet normal 1.000000e+00 0.000000e+00 0.000000e+00
    outer loop
      vertex 3.600000e+03 -1.508395e+02 -3.645356e+02
      vertex 3.600000e+03 -1.444327e+02 -3.973437e+02
      vertex 3.600000e+03 4.750862e+02 -3.724045e+02
    endloop
  endfacet
  facet normal 1.000000e+00 0.000000e+00 0.000000e+00
    outer loop
      vertex 3.600000e+03 -1.379856e+02 -4.287717e+02
      vertex 3.600000e+03 4.174768e+02 -4.253770e+02
      vertex 3.600000e+03 4.473825e+02 -3.986896e+02
    endloop
  endfacet
  facet normal -1.268884e-01 6.604377e-01 -7.400820e-01
    outer loop
      vertex 2.520000e+03 3.194728e+02 -3.276663e+02
      vertex 3.600000e+03 4.473825e+02 -3.986896e+02
      vertex 3.600000e+03 4.174768e+02 -4.253770e+02
    endloop
  endfacet
  facet normal 1.000000e+00 0.000000e+00 0.000000e+00
    outer loop
      vertex 3.600000e+03 -1.444327e+02 -3.973437e+02
      vertex 3.600000e+03 -1.379856e+02 -4.287717e+02
      vertex 3.600000e+03 4.473825e+02 -3.986896e+02
    endloop
  endfacet
  facet normal -1.306883e-01 7.324681e-01 -6.681400e-01
    outer loop
      vertex 2.520000e+03 3.194728e+02 -3.276663e+02
      vertex 2.520000e+03 3.431824e+02 -3.016740e+02
      vertex 3.600000e+03 4.473825e+02 -3.986896e+02
    endloop
  endfacet
  facet normal 1.000000e+00 -0.000000e+00 0.000000e+00
    outer loop
      vertex 3.600000e+03 -1.379856e+02 -4.287717e+02
      vertex 3.600000e+03 3.881394e+02 -4.510523e+02
      vertex 3.600000e+03 4.174768e+02 -4.253770e+02
    endloop
  endfacet
  facet normal -1.241840e-01 6.534799e-01 -7.466875e-01
    outer loop
      vertex 2.520000e+03 2.940567e+02 -3.537725e+02
      vertex 3.600000e+03 4.174768e+02 -4.253770e+02
      vertex 3.600000e+03 3.881394e+02 -4.510523e+02
    endloop
  endfacet
  facet normal -1.270921e-01 7.107034e-01 -6.919163e-01
    outer loop
      vertex 2.520000e+03 2.940567e+02 -3.537725e+02
      vertex 2.520000e+03 3.194728e+02 -3.276663e+02
      vertex 3.600000e+03 4.174768e+02 -4.253770e+02
    endloop
  endfacet
  facet normal 1.000000e+00 -0.000000e+00 0.000000e+00
    outer loop
      vertex 3.600000e+03 -1.316657e+02 -4.589374e+02
      vertex 3.600000e+03 3.601797e+02 -4.751094e+02
      vertex 3.600000e+03 3.881394e+02 -4.510523e+02
    endloop
  endfacet
  facet normal -1.218696e-01 6.473600e-01 -7.523781e-01
    outer loop
      vertex 2.520000e+03 2.678808e+02 -3.795876e+02
      vertex 3.600000e+03 3.881394e+02 -4.510523e+02
      vertex 3.600000e+03 3.601797e+02 -4.751094e+02
    endloop
  endfacet
  facet normal 1.000000e+00 0.000000e+00 0.000000e+00
    outer loop
      vertex 3.600000e+03 -1.379856e+02 -4.287717e+02
      vertex 3.600000e+03 -1.316657e+02 -4.589374e+02
      vertex 3.600000e+03 3.881394e+02 -4.510523e+02
    endloop
  endfacet
  facet normal -1.243298e-01 6.967334e-01 -7.064734e-01
    outer loop
      vertex 2.520000e+03 2.678808e+02 -3.795876e+02
      vertex 2.520000e+03 2.940567e+02 -3.537725e+02
      vertex 3.600000e+03 3.881394e+02 -4.510523e+02
    endloop
  endfacet
  facet normal 1.000000e+00 -0.000000e+00 0.000000e+00
    outer loop
      vertex 3.600000e+03 -1.255502e+02 -4.878885e+02
      vertex 3.600000e+03 3.329828e+02 -4.980901e+02
      vertex 3.600000e+03 3.601797e+02 -4.751094e+02
    endloop
  endfacet
  facet normal -1.196740e-01 6.407788e-01 -7.583407e-01
    outer loop
      vertex 2.520000e+03 2.430647e+02 -4.036333e+02
      vertex 3.600000e+03 3.601797e+02 -4.751094e+02
      vertex 3.600000e+03 3.329828e+02 -4.980901e+02
    endloop
  endfacet
  facet normal 1.000000e+00 0.000000e+00 0.000000e+00
    outer loop
      vertex 3.600000e+03 -1.316657e+02 -4.589374e+02
      vertex 3.600000e+03 -1.255502e+02 -4.878885e+02
      vertex 3.600000e+03 3.601797e+02 -4.751094e+02
    endloop
  endfacet
  facet normal -1.220698e-01 6.906692e-01 -7.127938e-01
    outer loop
      vertex 2.520000e+03 2.430647e+02 -4.036333e+02
      vertex 2.520000e+03 2.678808e+02 -3.795876e+02
      vertex 3.600000e+03 3.601797e+02 -4.751094e+02
    endloop
  endfacet
  facet normal 1.000000e+00 -0.000000e+00 0.000000e+00
    outer loop
      vertex 3.600000e+03 -1.196414e+02 -5.156398e+02
      vertex 3.600000e+03 3.072205e+02 -5.202696e+02
      vertex 3.600000e+03 3.329828e+02 -4.980901e+02
    endloop
  endfacet
  facet normal -1.179695e-01 6.478879e-01 -7.525454e-01
    outer loop
      vertex 2.520000e+03 2.197005e+02 -4.263164e+02
      vertex 3.600000e+03 3.329828e+02 -4.980901e+02
      vertex 3.600000e+03 3.072205e+02 -5.202696e+02
    endloop
  endfacet
  facet normal 1.000000e+00 0.000000e+00 0.000000e+00
    outer loop
      vertex 3.600000e+03 -1.255502e+02 -4.878885e+02
      vertex 3.600000e+03 -1.196414e+02 -5.156398e+02
      vertex 3.600000e+03 3.329828e+02 -4.980901e+02
    endloop
  endfacet
  facet normal -1.198755e-01 6.915485e-01 -7.123135e-01
    outer loop
      vertex 2.520000e+03 2.197005e+02 -4.263164e+02
      vertex 2.520000e+03 2.430647e+02 -4.036333e+02
      vertex 3.600000e+03 3.329828e+02 -4.980901e+02
    endloop
  endfacet
  facet normal 1.000000e+00 -0.000000e+00 0.000000e+00
    outer loop
      vertex 3.600000e+03 -1.140480e+02 -5.422852e+02
      vertex 3.600000e+03 2.751558e+02 -5.485131e+02
      vertex 3.600000e+03 3.072205e+02 -5.202696e+02
    endloop
  endfacet
  facet normal -1.164006e-01 6.564860e-01 -7.453033e-01
    outer loop
      vertex 2.520000e+03 1.977108e+02 -4.480559e+02
      vertex 3.600000e+03 3.072205e+02 -5.202696e+02
      vertex 3.600000e+03 2.751558e+02 -5.485131e+02
    endloop
  endfacet
  facet normal 1.000000e+00 0.000000e+00 0.000000e+00
    outer loop
      vertex 3.600000e+03 -1.196414e+02 -5.156398e+02
      vertex 3.600000e+03 -1.140480e+02 -5.422852e+02
      vertex 3.600000e+03 3.072205e+02 -5.202696e+02
    endloop
  endfacet
  facet normal -1.180074e-01 6.981361e-01 -7.061729e-01
    outer loop
      vertex 2.520000e+03 1.977108e+02 -4.480559e+02
      vertex 2.520000e+03 2.197005e+02 -4.263164e+02
      vertex 3.600000e+03 3.072205e+02 -5.202696e+02
    endloop
  endfacet
  facet normal 1.000000e+00 -0.000000e+00 0.000000e+00
    outer loop
      vertex 3.600000e+03 -1.087451e+02 -5.678002e+02
      vertex 3.600000e+03 2.456441e+02 -5.755679e+02
      vertex 3.600000e+03 2.751558e+02 -5.485131e+02
    endloop
  endfacet
  facet normal -1.148056e-01 6.712887e-01 -7.322508e-01
    outer loop
      vertex 2.520000e+03 1.773084e+02 -4.688871e+02
      vertex 3.600000e+03 2.751558e+02 -5.485131e+02
      vertex 3.600000e+03 2.456441e+02 -5.755679e+02
    endloop
  endfacet
  facet normal 1.000000e+00 0.000000e+00 0.000000e+00
    outer loop
      vertex 3.600000e+03 -1.140480e+02 -5.422852e+02
      vertex 3.600000e+03 -1.087451e+02 -5.678002e+02
      vertex 3.600000e+03 2.751558e+02 -5.485131e+02
    endloop
  endfacet
  facet normal -1.155358e-01 7.096376e-01 -6.950295e-01
    outer loop
      vertex 2.520000e+03 1.773084e+02 -4.688871e+02
      vertex 2.520000e+03 1.977108e+02 -4.480559e+02
      vertex 3.600000e+03 2.751558e+02 -5.485131e+02
    endloop
  endfacet
  facet normal 1.000000e+00 -0.000000e+00 0.000000e+00
    outer loop
      vertex 3.600000e+03 -1.037917e+02 -5.922967e+02
      vertex 3.600000e+03 2.188306e+02 -6.016935e+02
      vertex 3.600000e+03 2.456441e+02 -5.755679e+02
    endloop
  endfacet
  facet normal -1.127104e-01 6.934137e-01 -7.116697e-01
    outer loop
      vertex 2.520000e+03 1.549529e+02 -4.928881e+02
      vertex 3.600000e+03 2.456441e+02 -5.755679e+02
      vertex 3.600000e+03 2.188306e+02 -6.016935e+02
    endloop
  endfacet
  facet normal 1.000000e+00 0.000000e+00 0.000000e+00
    outer loop
      vertex 3.600000e+03 -1.087451e+02 -5.678002e+02
      vertex 3.600000e+03 -1.037917e+02 -5.922967e+02
      vertex 3.600000e+03 2.456441e+02 -5.755679e+02
    endloop
  endfacet
  facet normal -1.128991e-01 7.270674e-01 -6.772199e-01
    outer loop
      vertex 2.520000e+03 1.549529e+02 -4.928881e+02
      vertex 2.520000e+03 1.773084e+02 -4.688871e+02
      vertex 3.600000e+03 2.456441e+02 -5.755679e+02
    endloop
  endfacet
  facet normal 1.000000e+00 -0.000000e+00 0.000000e+00
    outer loop
      vertex 3.600000e+03 -9.919959e+01 -6.157659e+02
      vertex 3.600000e+03 1.946373e+02 -6.269194e+02
      vertex 3.600000e+03 2.188306e+02 -6.016935e+02
    endloop
  endfacet
  facet normal -1.103325e-01 7.173160e-01 -6.879568e-01
    outer loop
      vertex 2.520000e+03 1.349225e+02 -5.159752e+02
      vertex 3.600000e+03 2.188306e+02 -6.016935e+02
      vertex 3.600000e+03 1.946373e+02 -6.269194e+02
    endloop
  endfacet
  facet normal 1.000000e+00 0.000000e+00 0.000000e+00
    outer loop
      vertex 3.600000e+03 -1.037917e+02 -5.922967e+02
      vertex 3.600000e+03 -9.919959e+01 -6.157659e+02
      vertex 3.600000e+03 2.188306e+02 -6.016935e+02
    endloop
  endfacet
  facet normal -1.100254e-01 7.507531e-01 -6.513556e-01
    outer loop
      vertex 2.520000e+03 1.349225e+02 -5.159752e+02
      vertex 2.520000e+03 1.549529e+02 -4.928881e+02
      vertex 3.600000e+03 2.188306e+02 -6.016935e+02
    endloop
  endfacet
  facet normal 1.000000e+00 -0.000000e+00 0.000000e+00
    outer loop
      vertex 3.600000e+03 -9.297989e+01 -6.492034e+02
      vertex 3.600000e+03 1.730826e+02 -6.514243e+02
      vertex 3.600000e+03 1.946373e+02 -6.269194e+02
    endloop
  endfacet
  facet normal -1.074293e-01 7.465147e-01 -6.566390e-01
    outer loop
      vertex 2.520000e+03 1.172650e+02 -5.381885e+02
      vertex 3.600000e+03 1.946373e+02 -6.269194e+02
      vertex 3.600000e+03 1.730826e+02 -6.514243e+02
    endloop
  endfacet
  facet normal 1.000000e+00 0.000000e+00 0.000000e+00
    outer loop
      vertex 3.600000e+03 -9.919959e+01 -6.157659e+02
      vertex 3.600000e+03 -9.297989e+01 -6.492034e+02
      vertex 3.600000e+03 1.946373e+02 -6.269194e+02
    endloop
  endfacet
  facet normal -1.065943e-01 7.783502e-01 -6.187152e-01
    outer loop
      vertex 2.520000e+03 1.172650e+02 -5.381885e+02
      vertex 2.520000e+03 1.349225e+02 -5.159752e+02
      vertex 3.600000e+03 1.946373e+02 -6.269194e+02
    endloop
  endfacet
  facet normal 1.000000e+00 0.000000e+00 0.000000e+00
    outer loop
      vertex 3.600000e+03 -8.758692e+01 -6.805936e+02
      vertex 3.600000e+03 1.540708e+02 -6.751873e+02
      vertex 3.600000e+03 1.730826e+02 -6.514243e+02
    endloop
  endfacet
  facet normal -1.039943e-01 7.766139e-01 -6.213341e-01
    outer loop
      vertex 2.520000e+03 1.019171e+02 -5.596125e+02
      vertex 3.600000e+03 1.730826e+02 -6.514243e+02
      vertex 3.600000e+03 1.540708e+02 -6.751873e+02
    endloop
  endfacet
  facet normal 1.000000e+00 0.000000e+00 0.000000e+00
    outer loop
      vertex 3.600000e+03 -9.297989e+01 -6.492034e+02
      vertex 3.600000e+03 -8.758692e+01 -6.805936e+02
      vertex 3.600000e+03 1.730826e+02 -6.514243e+02
    endloop
  endfacet
  facet normal -1.025313e-01 8.086405e-01 -5.792994e-01
    outer loop
      vertex 2.520000e+03 1.019171e+02 -5.596125e+02
      vertex 2.520000e+03 1.172650e+02 -5.381885e+02
      vertex 3.600000e+03 1.730826e+02 -6.514243e+02
    endloop
  endfacet
  facet normal 1.000000e+00 -0.000000e+00 0.000000e+00
    outer loop
      vertex 3.600000e+03 -8.758692e+01 -6.805936e+02
      vertex 3.600000e+03 1.300539e+02 -7.095479e+02
      vertex 3.600000e+03 1.540708e+02 -6.751873e+02
    endloop
  endfacet
  facet normal -9.940395e-02 8.155695e-01 -5.700572e-01
    outer loop
      vertex 2.520000e+03 8.876990e+01 -5.802866e+02
      vertex 3.600000e+03 1.540708e+02 -6.751873e+02
      vertex 3.600000e+03 1.300539e+02 -7.095479e+02
    endloop
  endfacet
  facet normal -9.770408e-02 8.397915e-01 -5.340450e-01
    outer loop
      vertex 2.520000e+03 8.876990e+01 -5.802866e+02
      vertex 2.520000e+03 1.019171e+02 -5.596125e+02
      vertex 3.600000e+03 1.540708e+02 -6.751873e+02
    endloop
  endfacet
  facet normal 1.000000e+00 -0.000000e+00 0.000000e+00
    outer loop
      vertex 3.600000e+03 -7.876898e+01 -7.384449e+02
      vertex 3.600000e+03 1.107448e+02 -7.426275e+02
      vertex 3.600000e+03 1.300539e+02 -7.095479e+02
    endloop
  endfacet
  facet normal -9.222817e-02 8.599549e-01 -5.019677e-01
    outer loop
      vertex 2.520000e+03 7.517339e+01 -6.051354e+02
      vertex 3.600000e+03 1.300539e+02 -7.095479e+02
      vertex 3.600000e+03 1.107448e+02 -7.426275e+02
    endloop
  endfacet
  facet normal 1.000000e+00 -0.000000e+00 0.000000e+00
    outer loop
      vertex 3.600000e+03 -8.287075e+01 -7.102970e+02
      vertex 3.600000e+03 -7.876898e+01 -7.384449e+02
      vertex 3.600000e+03 1.300539e+02 -7.095479e+02
    endloop
  endfacet
  facet normal 1.000000e+00 0.000000e+00 0.000000e+00
    outer loop
      vertex 3.600000e+03 -8.758692e+01 -6.805936e+02
      vertex 3.600000e+03 -8.287075e+01 -7.102970e+02
      vertex 3.600000e+03 1.300539e+02 -7.095479e+02
    endloop
  endfacet
  facet normal -9.061065e-02 8.736537e-01 -4.780366e-01
    outer loop
      vertex 2.520000e+03 7.517339e+01 -6.051354e+02
      vertex 2.520000e+03 8.876990e+01 -5.802866e+02
      vertex 3.600000e+03 1.300539e+02 -7.095479e+02
    endloop
  endfacet
  facet normal 1.000000e+00 -0.000000e+00 0.000000e+00
    outer loop
      vertex 3.600000e+03 -7.515916e+01 -7.652893e+02
      vertex 3.600000e+03 9.553009e+01 -7.746296e+02
      vertex 3.600000e+03 1.107448e+02 -7.426275e+02
    endloop
  endfacet
  facet normal -8.367416e-02 8.999600e-01 -4.278676e-01
    outer loop
      vertex 2.520000e+03 6.431334e+01 -6.290840e+02
      vertex 3.600000e+03 1.107448e+02 -7.426275e+02
      vertex 3.600000e+03 9.553009e+01 -7.746296e+02
    endloop
  endfacet
  facet normal 1.000000e+00 0.000000e+00 0.000000e+00
    outer loop
      vertex 3.600000e+03 -7.876898e+01 -7.384449e+02
      vertex 3.600000e+03 -7.515916e+01 -7.652893e+02
      vertex 3.600000e+03 1.107448e+02 -7.426275e+02
    endloop
  endfacet
  facet normal -8.229360e-02 9.076445e-01 -4.115937e-01
    outer loop
      vertex 2.520000e+03 6.431334e+01 -6.290840e+02
      vertex 2.520000e+03 7.517339e+01 -6.051354e+02
      vertex 3.600000e+03 1.107448e+02 -7.426275e+02
    endloop
  endfacet
  facet normal 1.000000e+00 -0.000000e+00 0.000000e+00
    outer loop
      vertex 3.600000e+03 -7.195786e+01 -7.909548e+02
      vertex 3.600000e+03 8.362933e+01 -8.057382e+02
      vertex 3.600000e+03 9.553009e+01 -7.746296e+02
    endloop
  endfacet
  facet normal -7.465260e-02 9.313825e-01 -3.563055e-01
    outer loop
      vertex 2.520000e+03 5.579505e+01 -6.522170e+02
      vertex 3.600000e+03 9.553009e+01 -7.746296e+02
      vertex 3.600000e+03 8.362933e+01 -8.057382e+02
    endloop
  endfacet
  facet normal 1.000000e+00 0.000000e+00 0.000000e+00
    outer loop
      vertex 3.600000e+03 -7.515916e+01 -7.652893e+02
      vertex 3.600000e+03 -7.195786e+01 -7.909548e+02
      vertex 3.600000e+03 9.553009e+01 -7.746296e+02
    endloop
  endfacet
  facet normal -7.349219e-02 9.358636e-01 -3.446132e-01
    outer loop
      vertex 2.520000e+03 5.579505e+01 -6.522170e+02
      vertex 2.520000e+03 6.431334e+01 -6.290840e+02
      vertex 3.600000e+03 9.553009e+01 -7.746296e+02
    endloop
  endfacet
  facet normal 1.000000e+00 -0.000000e+00 0.000000e+00
    outer loop
      vertex 3.600000e+03 -6.911857e+01 -8.155157e+02
      vertex 3.600000e+03 7.447491e+01 -8.360498e+02
      vertex 3.600000e+03 8.362933e+01 -8.057382e+02
    endloop
  endfacet
  facet normal -6.542717e-02 9.552438e-01 -2.884937e-01
    outer loop
      vertex 2.520000e+03 4.923919e+01 -6.746768e+02
      vertex 3.600000e+03 8.362933e+01 -8.057382e+02
      vertex 3.600000e+03 7.447491e+01 -8.360498e+02
    endloop
  endfacet
  facet normal 1.000000e+00 0.000000e+00 0.000000e+00
    outer loop
      vertex 3.600000e+03 -7.195786e+01 -7.909548e+02
      vertex 3.600000e+03 -6.911857e+01 -8.155157e+02
      vertex 3.600000e+03 8.362933e+01 -8.057382e+02
    endloop
  endfacet
  facet normal -6.443617e-02 9.579466e-01 -2.796181e-01
    outer loop
      vertex 2.520000e+03 4.923919e+01 -6.746768e+02
      vertex 2.520000e+03 5.579505e+01 -6.522170e+02
      vertex 3.600000e+03 8.362933e+01 -8.057382e+02
    endloop
  endfacet
  facet normal 1.000000e+00 -0.000000e+00 0.000000e+00
    outer loop
      vertex 3.600000e+03 -6.427219e+01 -8.616709e+02
      vertex 3.600000e+03 6.768319e+01 -8.656170e+02
      vertex 3.600000e+03 7.447491e+01 -8.360498e+02
    endloop
  endfacet
  facet normal -5.570211e-02 9.731049e-01 -2.235266e-01
    outer loop
      vertex 2.520000e+03 4.306742e+01 -7.036472e+02
      vertex 3.600000e+03 7.447491e+01 -8.360498e+02
      vertex 3.600000e+03 6.768319e+01 -8.656170e+02
    endloop
  endfacet
  facet normal 1.000000e+00 -0.000000e+00 0.000000e+00
    outer loop
      vertex 3.600000e+03 -6.656741e+01 -8.390718e+02
      vertex 3.600000e+03 -6.427219e+01 -8.616709e+02
      vertex 3.600000e+03 7.447491e+01 -8.360498e+02
    endloop
  endfacet
  facet normal 1.000000e+00 0.000000e+00 0.000000e+00
    outer loop
      vertex 3.600000e+03 -6.911857e+01 -8.155157e+02
      vertex 3.600000e+03 -6.656741e+01 -8.390718e+02
      vertex 3.600000e+03 7.447491e+01 -8.360498e+02
    endloop
  endfacet
  facet normal -5.390827e-02 9.766297e-01 -2.080582e-01
    outer loop
      vertex 2.520000e+03 4.306742e+01 -7.036472e+02
      vertex 2.520000e+03 4.923919e+01 -6.746768e+02
      vertex 3.600000e+03 7.447491e+01 -8.360498e+02
    endloop
  endfacet
  facet normal 1.000000e+00 -0.000000e+00 0.000000e+00
    outer loop
      vertex 3.600000e+03 -6.219688e+01 -8.833649e+02
      vertex 3.600000e+03 6.286922e+01 -8.944824e+02
      vertex 3.600000e+03 6.768319e+01 -8.656170e+02
    endloop
  endfacet
  facet normal -4.627150e-02 9.853203e-01 -1.643252e-01
    outer loop
      vertex 2.520000e+03 3.931350e+01 -7.316146e+02
      vertex 3.600000e+03 6.768319e+01 -8.656170e+02
      vertex 3.600000e+03 6.286922e+01 -8.944824e+02
    endloop
  endfacet
  facet normal 1.000000e+00 0.000000e+00 0.000000e+00
    outer loop
      vertex 3.600000e+03 -6.427219e+01 -8.616709e+02
      vertex 3.600000e+03 -6.219688e+01 -8.833649e+02
      vertex 3.600000e+03 6.768319e+01 -8.656170e+02
    endloop
  endfacet
  facet normal -4.250246e-02 9.902161e-01 -1.329120e-01
    outer loop
      vertex 2.520000e+03 3.931350e+01 -7.316146e+02
      vertex 2.520000e+03 4.306742e+01 -7.036472e+02
      vertex 3.600000e+03 6.768319e+01 -8.656170e+02
    endloop
  endfacet
  facet normal 1.000000e+00 -0.000000e+00 0.000000e+00
    outer loop
      vertex 3.600000e+03 -6.029753e+01 -9.042215e+02
      vertex 3.600000e+03 5.960310e+01 -9.226703e+02
      vertex 3.600000e+03 6.286922e+01 -8.944824e+02
    endloop
  endfacet
  facet normal -3.779983e-02 9.926441e-01 -1.150169e-01
    outer loop
      vertex 2.520000e+03 3.748494e+01 -7.586218e+02
      vertex 3.600000e+03 6.286922e+01 -8.944824e+02
      vertex 3.600000e+03 5.960310e+01 -9.226703e+02
    endloop
  endfacet
  facet normal 1.000000e+00 0.000000e+00 0.000000e+00
    outer loop
      vertex 3.600000e+03 -6.219688e+01 -8.833649e+02
      vertex 3.600000e+03 -6.029753e+01 -9.042215e+02
      vertex 3.600000e+03 6.286922e+01 -8.944824e+02
    endloop
  endfacet
  facet normal -3.193178e-02 9.972070e-01 -6.751732e-02
    outer loop
      vertex 2.520000e+03 3.748494e+01 -7.586218e+02
      vertex 2.520000e+03 3.931350e+01 -7.316146e+02
      vertex 3.600000e+03 6.286922e+01 -8.944824e+02
    endloop
  endfacet
  facet normal 1.000000e+00 -0.000000e+00 0.000000e+00
    outer loop
      vertex 3.600000e+03 -5.695399e+01 -9.435486e+02
      vertex 3.600000e+03 5.764913e+01 -9.501766e+02
      vertex 3.600000e+03 5.960310e+01 -9.226703e+02
    endloop
  endfacet
  facet normal -2.996562e-02 9.970384e-01 -7.082669e-02
    outer loop
      vertex 2.520000e+03 3.712467e+01 -7.821722e+02
      vertex 3.600000e+03 5.960310e+01 -9.226703e+02
      vertex 3.600000e+03 5.764913e+01 -9.501766e+02
    endloop
  endfacet
  facet normal 1.000000e+00 -0.000000e+00 0.000000e+00
    outer loop
      vertex 3.600000e+03 -5.855881e+01 -9.242670e+02
      vertex 3.600000e+03 -5.695399e+01 -9.435486e+02
      vertex 3.600000e+03 5.960310e+01 -9.226703e+02
    endloop
  endfacet
  facet normal 1.000000e+00 0.000000e+00 0.000000e+00
    outer loop
      vertex 3.600000e+03 -6.029753e+01 -9.042215e+02
      vertex 3.600000e+03 -5.855881e+01 -9.242670e+02
      vertex 3.600000e+03 5.960310e+01 -9.226703e+02
    endloop
  endfacet
  facet normal -2.279482e-02 9.996232e-01 -1.529172e-02
    outer loop
      vertex 2.520000e+03 3.712467e+01 -7.821722e+02
      vertex 2.520000e+03 3.748494e+01 -7.586218e+02
      vertex 3.600000e+03 5.960310e+01 -9.226703e+02
    endloop
  endfacet
  facet normal 1.000000e+00 -0.000000e+00 0.000000e+00
    outer loop
      vertex 3.600000e+03 -5.546262e+01 -9.621025e+02
      vertex 3.600000e+03 5.672643e+01 -9.769087e+02
      vertex 3.600000e+03 5.764913e+01 -9.501766e+02
    endloop
  endfacet
  facet normal -2.307213e-02 9.991388e-01 -3.448686e-02
    outer loop
      vertex 2.520000e+03 3.772030e+01 -8.050132e+02
      vertex 3.600000e+03 5.764913e+01 -9.501766e+02
      vertex 3.600000e+03 5.672643e+01 -9.769087e+02
    endloop
  endfacet
  facet normal 1.000000e+00 0.000000e+00 0.000000e+00
    outer loop
      vertex 3.600000e+03 -5.695399e+01 -9.435486e+02
      vertex 3.600000e+03 -5.546262e+01 -9.621025e+02
      vertex 3.600000e+03 5.764913e+01 -9.501766e+02
    endloop
  endfacet
  facet normal -1.494084e-02 9.995486e-01 2.606528e-02
    outer loop
      vertex 2.520000e+03 3.772030e+01 -8.050132e+02
      vertex 2.520000e+03 3.712467e+01 -7.821722e+02
      vertex 3.600000e+03 5.764913e+01 -9.501766e+02
    endloop
  endfacet
  facet normal 1.000000e+00 -0.000000e+00 0.000000e+00
    outer loop
      vertex 3.600000e+03 -5.276690e+01 -9.971302e+02
      vertex 3.600000e+03 5.490062e+01 -1.025099e+03
      vertex 3.600000e+03 5.672643e+01 -9.769087e+02
    endloop
  endfacet
  facet normal -2.081477e-02 9.990665e-01 -3.785196e-02
    outer loop
      vertex 2.520000e+03 3.916508e+01 -8.465327e+02
      vertex 3.600000e+03 5.672643e+01 -9.769087e+02
      vertex 3.600000e+03 5.490062e+01 -1.025099e+03
    endloop
  endfacet
  facet normal 1.000000e+00 0.000000e+00 0.000000e+00
    outer loop
      vertex 3.600000e+03 -5.546262e+01 -9.621025e+02
      vertex 3.600000e+03 -5.276690e+01 -9.971302e+02
      vertex 3.600000e+03 5.672643e+01 -9.769087e+02
    endloop
  endfacet
  facet normal -1.205164e-02 9.993225e-01 3.477390e-02
    outer loop
      vertex 2.520000e+03 3.916508e+01 -8.465327e+02
      vertex 2.520000e+03 3.772030e+01 -8.050132e+02
      vertex 3.600000e+03 5.672643e+01 -9.769087e+02
    endloop
  endfacet
  facet normal 1.000000e+00 -0.000000e+00 0.000000e+00
    outer loop
      vertex 3.600000e+03 -4.716191e+01 -1.058456e+03
      vertex 3.600000e+03 4.926994e+01 -1.062540e+03
      vertex 3.600000e+03 5.490062e+01 -1.025099e+03
    endloop
  endfacet
  facet normal -3.689900e-02 9.882067e-01 -1.486134e-01
    outer loop
      vertex 2.520000e+03 3.801228e+01 -8.692468e+02
      vertex 3.600000e+03 5.490062e+01 -1.025099e+03
      vertex 3.600000e+03 4.926994e+01 -1.062540e+03
    endloop
  endfacet
  facet normal 1.000000e+00 -0.000000e+00 0.000000e+00
    outer loop
      vertex 3.600000e+03 -5.043194e+01 -1.029611e+03
      vertex 3.600000e+03 -4.716191e+01 -1.058456e+03
      vertex 3.600000e+03 5.490062e+01 -1.025099e+03
    endloop
  endfacet
  facet normal 1.000000e+00 0.000000e+00 0.000000e+00
    outer loop
      vertex 3.600000e+03 -5.276690e+01 -9.971302e+02
      vertex 3.600000e+03 -5.043194e+01 -1.029611e+03
      vertex 3.600000e+03 5.490062e+01 -1.025099e+03
    endloop
  endfacet
  facet normal -2.292577e-02 9.984521e-01 -5.067384e-02
    outer loop
      vertex 2.520000e+03 3.801228e+01 -8.692468e+02
      vertex 2.520000e+03 3.916508e+01 -8.465327e+02
      vertex 3.600000e+03 5.490062e+01 -1.025099e+03
    endloop
  endfacet
  facet normal 1.000000e+00 -0.000000e+00 0.000000e+00
    outer loop
      vertex 3.600000e+03 -4.060426e+01 -1.080938e+03
      vertex 3.600000e+03 3.844587e+01 -1.087544e+03
      vertex 3.600000e+03 4.926994e+01 -1.062540e+03
    endloop
  endfacet
  facet normal -7.694907e-02 9.149790e-01 -3.960964e-01
    outer loop
      vertex 2.520000e+03 3.436721e+01 -8.871556e+02
      vertex 3.600000e+03 4.926994e+01 -1.062540e+03
      vertex 3.600000e+03 3.844587e+01 -1.087544e+03
    endloop
  endfacet
  facet normal 1.000000e+00 0.000000e+00 0.000000e+00
    outer loop
      vertex 3.600000e+03 -4.716191e+01 -1.058456e+03
      vertex 3.600000e+03 -4.060426e+01 -1.080938e+03
      vertex 3.600000e+03 4.926994e+01 -1.062540e+03
    endloop
  endfacet
  facet normal -4.586206e-02 9.788777e-01 -1.992366e-01
    outer loop
      vertex 2.520000e+03 3.436721e+01 -8.871556e+02
      vertex 2.520000e+03 3.801228e+01 -8.692468e+02
      vertex 3.600000e+03 4.926994e+01 -1.062540e+03
    endloop
  endfacet
  facet normal 1.000000e+00 -0.000000e+00 0.000000e+00
    outer loop
      vertex 3.600000e+03 -3.005731e+01 -1.096137e+03
      vertex 3.600000e+03 2.299849e+01 -1.101746e+03
      vertex 3.600000e+03 3.844587e+01 -1.087544e+03
    endloop
  endfacet
  facet normal -1.318040e-01 6.708993e-01 -7.297409e-01
    outer loop
      vertex 2.520000e+03 2.016778e+01 -9.092812e+02
      vertex 3.600000e+03 3.844587e+01 -1.087544e+03
      vertex 3.600000e+03 2.299849e+01 -1.101746e+03
    endloop
  endfacet
  facet normal 1.000000e+00 0.000000e+00 0.000000e+00
    outer loop
      vertex 3.600000e+03 -4.060426e+01 -1.080938e+03
      vertex 3.600000e+03 -3.005731e+01 -1.096137e+03
      vertex 3.600000e+03 3.844587e+01 -1.087544e+03
    endloop
  endfacet
  facet normal -1.028438e-01 8.371348e-01 -5.372415e-01
    outer loop
      vertex 2.520000e+03 2.016778e+01 -9.092812e+02
      vertex 2.520000e+03 3.436721e+01 -8.871556e+02
      vertex 3.600000e+03 3.844587e+01 -1.087544e+03
    endloop
  endfacet
  facet normal 1.000000e+00 -0.000000e+00 0.000000e+00
    outer loop
      vertex 3.600000e+03 -1.548141e+01 -1.105060e+03
      vertex 3.600000e+03 6.433682e-13 -1.107638e+03
      vertex 3.600000e+03 2.299849e+01 -1.101746e+03
    endloop
  endfacet
  facet normal -1.707380e-01 2.445468e-01 -9.544870e-01
    outer loop
      vertex 2.520000e+03 2.016778e+01 -9.092812e+02
      vertex 3.600000e+03 2.299849e+01 -1.101746e+03
      vertex 3.600000e+03 6.433682e-13 -1.107638e+03
    endloop
  endfacet
  facet normal 1.000000e+00 0.000000e+00 0.000000e+00
    outer loop
      vertex 3.600000e+03 -3.005731e+01 -1.096137e+03
      vertex 3.600000e+03 -1.548141e+01 -1.105060e+03
      vertex 3.600000e+03 2.299849e+01 -1.101746e+03
    endloop
  endfacet
  facet normal -1.713582e-01 -1.618672e-01 -9.718207e-01
    outer loop
      vertex 3.060000e+03 -1.449693e-13 -1.012422e+03
      vertex 3.600000e+03 6.433682e-13 -1.107638e+03
      vertex 3.600000e+03 -1.548141e+01 -1.105060e+03
    endloop
  endfacet
  facet normal -1.619483e-01 3.608525e-01 -9.184543e-01
    outer loop
      vertex 2.520000e+03 2.016778e+01 -9.092812e+02
      vertex 3.600000e+03 6.433682e-13 -1.107638e+03
      vertex 3.060000e+03 -1.449693e-13 -1.012422e+03
    endloop
  endfacet
  facet normal -1.497502e-01 -5.162073e-01 -8.432704e-01
    outer loop
      vertex 2.520000e+03 -1.332290e+01 -9.145916e+02
      vertex 3.600000e+03 -1.548141e+01 -1.105060e+03
      vertex 3.600000e+03 -3.005731e+01 -1.096137e+03
    endloop
  endfacet
  facet normal -1.713582e-01 -1.618672e-01 -9.718207e-01
    outer loop
      vertex 2.520000e+03 -1.361622e-15 -9.172050e+02
      vertex 3.060000e+03 -1.449693e-13 -1.012422e+03
      vertex 3.600000e+03 -1.548141e+01 -1.105060e+03
    endloop
  endfacet
  facet normal -1.708943e-01 -1.896572e-01 -9.668636e-01
    outer loop
      vertex 2.520000e+03 -1.332290e+01 -9.145916e+02
      vertex 2.520000e+03 -1.361622e-15 -9.172050e+02
      vertex 3.600000e+03 -1.548141e+01 -1.105060e+03
    endloop
  endfacet
  facet normal -1.032004e-01 -8.171727e-01 -5.670789e-01
    outer loop
      vertex 2.520000e+03 -2.591689e+01 -9.055585e+02
      vertex 3.600000e+03 -3.005731e+01 -1.096137e+03
      vertex 3.600000e+03 -4.060426e+01 -1.080938e+03
    endloop
  endfacet
  facet normal -1.441052e-01 -5.767532e-01 -8.041078e-01
    outer loop
      vertex 2.520000e+03 -2.591689e+01 -9.055585e+02
      vertex 2.520000e+03 -1.332290e+01 -9.145916e+02
      vertex 3.600000e+03 -3.005731e+01 -1.096137e+03
    endloop
  endfacet
  facet normal -5.483503e-02 -9.585544e-01 -2.795826e-01
    outer loop
      vertex 2.520000e+03 -3.457524e+01 -8.897869e+02
      vertex 3.600000e+03 -4.060426e+01 -1.080938e+03
      vertex 3.600000e+03 -4.716191e+01 -1.058456e+03
    endloop
  endfacet
  facet normal -8.970518e-02 -8.730578e-01 -4.792944e-01
    outer loop
      vertex 2.520000e+03 -3.457524e+01 -8.897869e+02
      vertex 2.520000e+03 -2.591689e+01 -9.055585e+02
      vertex 3.600000e+03 -4.060426e+01 -1.080938e+03
    endloop
  endfacet
  facet normal -2.758290e-02 -9.932572e-01 -1.126029e-01
    outer loop
      vertex 2.520000e+03 -3.889827e+01 -8.667943e+02
      vertex 3.600000e+03 -4.716191e+01 -1.058456e+03
      vertex 3.600000e+03 -5.043194e+01 -1.029611e+03
    endloop
  endfacet
  facet normal -4.027897e-02 -9.819822e-01 -1.846306e-01
    outer loop
      vertex 2.520000e+03 -3.889827e+01 -8.667943e+02
      vertex 2.520000e+03 -3.457524e+01 -8.897869e+02
      vertex 3.600000e+03 -4.716191e+01 -1.058456e+03
    endloop
  endfacet
  facet normal -2.185116e-02 -9.971879e-01 -7.168554e-02
    outer loop
      vertex 2.520000e+03 -4.049791e+01 -8.385940e+02
      vertex 3.600000e+03 -5.043194e+01 -1.029611e+03
      vertex 3.600000e+03 -5.276690e+01 -9.971302e+02
    endloop
  endfacet
  facet normal -1.919642e-02 -9.982111e-01 -5.662258e-02
    outer loop
      vertex 2.520000e+03 -4.049791e+01 -8.385940e+02
      vertex 2.520000e+03 -3.889827e+01 -8.667943e+02
      vertex 3.600000e+03 -5.043194e+01 -1.029611e+03
    endloop
  endfacet
  facet normal -2.337031e-02 -9.967794e-01 -7.671151e-02
    outer loop
      vertex 2.520000e+03 -4.202102e+01 -8.077368e+02
      vertex 3.600000e+03 -5.276690e+01 -9.971302e+02
      vertex 3.600000e+03 -5.546262e+01 -9.621025e+02
    endloop
  endfacet
  facet normal -1.858005e-02 -9.986116e-01 -4.929155e-02
    outer loop
      vertex 2.520000e+03 -4.202102e+01 -8.077368e+02
      vertex 2.520000e+03 -4.049791e+01 -8.385940e+02
      vertex 3.600000e+03 -5.276690e+01 -9.971302e+02
    endloop
  endfacet
  facet normal -2.427633e-02 -9.964913e-01 -8.009872e-02
    outer loop
      vertex 2.520000e+03 -4.287711e+01 -7.913495e+02
      vertex 3.600000e+03 -5.546262e+01 -9.621025e+02
      vertex 3.600000e+03 -5.695399e+01 -9.435486e+02
    endloop
  endfacet
  facet normal -1.988178e-02 -9.984408e-01 -5.215980e-02
    outer loop
      vertex 2.520000e+03 -4.287711e+01 -7.913495e+02
      vertex 2.520000e+03 -4.202102e+01 -8.077368e+02
      vertex 3.600000e+03 -5.546262e+01 -9.621025e+02
    endloop
  endfacet
  facet normal -2.511553e-02 -9.962399e-01 -8.291761e-02
    outer loop
      vertex 2.520000e+03 -4.381561e+01 -7.742745e+02
      vertex 3.600000e+03 -5.695399e+01 -9.435486e+02
      vertex 3.600000e+03 -5.855881e+01 -9.242670e+02
    endloop
  endfacet
  facet normal -2.074410e-02 -9.982781e-01 -5.486886e-02
    outer loop
      vertex 2.520000e+03 -4.381561e+01 -7.742745e+02
      vertex 2.520000e+03 -4.287711e+01 -7.913495e+02
      vertex 3.600000e+03 -5.695399e+01 -9.435486e+02
    endloop
  endfacet
  facet normal -2.605639e-02 -9.959210e-01 -8.638505e-02
    outer loop
      vertex 2.520000e+03 -4.485500e+01 -7.564951e+02
      vertex 3.600000e+03 -5.855881e+01 -9.242670e+02
      vertex 3.600000e+03 -6.029753e+01 -9.042215e+02
    endloop
  endfacet
  facet normal -2.172787e-02 -9.980599e-01 -5.834628e-02
    outer loop
      vertex 2.520000e+03 -4.485500e+01 -7.564951e+02
      vertex 2.520000e+03 -4.381561e+01 -7.742745e+02
      vertex 3.600000e+03 -5.855881e+01 -9.242670e+02
    endloop
  endfacet
  facet normal -2.712117e-02 -9.955127e-01 -9.065799e-02
    outer loop
      vertex 2.520000e+03 -4.601495e+01 -7.379662e+02
      vertex 3.600000e+03 -6.029753e+01 -9.042215e+02
      vertex 3.600000e+03 -6.219688e+01 -8.833649e+02
    endloop
  endfacet
  facet normal -2.281108e-02 -9.977865e-01 -6.246417e-02
    outer loop
      vertex 2.520000e+03 -4.601495e+01 -7.379662e+02
      vertex 2.520000e+03 -4.485500e+01 -7.564951e+02
      vertex 3.600000e+03 -6.029753e+01 -9.042215e+02
    endloop
  endfacet
  facet normal -2.822478e-02 -9.950589e-01 -9.519029e-02
    outer loop
      vertex 2.520000e+03 -4.732111e+01 -7.186370e+02
      vertex 3.600000e+03 -6.219688e+01 -8.833649e+02
      vertex 3.600000e+03 -6.427219e+01 -8.616709e+02
    endloop
  endfacet
  facet normal -2.401892e-02 -9.974368e-01 -6.740079e-02
    outer loop
      vertex 2.520000e+03 -4.732111e+01 -7.186370e+02
      vertex 2.520000e+03 -4.601495e+01 -7.379662e+02
      vertex 3.600000e+03 -6.219688e+01 -8.833649e+02
    endloop
  endfacet
  facet normal -2.950473e-02 -9.944489e-01 -1.009992e-01
    outer loop
      vertex 2.520000e+03 -4.880400e+01 -6.984738e+02
      vertex 3.600000e+03 -6.427219e+01 -8.616709e+02
      vertex 3.600000e+03 -6.656741e+01 -8.390718e+02
    endloop
  endfacet
  facet normal -2.535888e-02 -9.969859e-01 -7.332250e-02
    outer loop
      vertex 2.520000e+03 -4.880400e+01 -6.984738e+02
      vertex 2.520000e+03 -4.732111e+01 -7.186370e+02
      vertex 3.600000e+03 -6.427219e+01 -8.616709e+02
    endloop
  endfacet
  facet normal -3.089054e-02 -9.937121e-01 -1.076198e-01
    outer loop
      vertex 2.520000e+03 -5.050261e+01 -6.774103e+02
      vertex 3.600000e+03 -6.656741e+01 -8.390718e+02
      vertex 3.600000e+03 -6.911857e+01 -8.155157e+02
    endloop
  endfacet
  facet normal -2.684907e-02 -9.964048e-01 -8.035271e-02
    outer loop
      vertex 2.520000e+03 -5.050261e+01 -6.774103e+02
      vertex 2.520000e+03 -4.880400e+01 -6.984738e+02
      vertex 3.600000e+03 -6.656741e+01 -8.390718e+02
    endloop
  endfacet
  facet normal -3.233094e-02 -9.928650e-01 -1.147774e-01
    outer loop
      vertex 2.520000e+03 -5.246245e+01 -6.553784e+02
      vertex 3.600000e+03 -6.911857e+01 -8.155157e+02
      vertex 3.600000e+03 -7.195786e+01 -7.909548e+02
    endloop
  endfacet
  facet normal -2.848802e-02 -9.956626e-01 -8.856896e-02
    outer loop
      vertex 2.520000e+03 -5.246245e+01 -6.553784e+02
      vertex 2.520000e+03 -5.050261e+01 -6.774103e+02
      vertex 3.600000e+03 -6.911857e+01 -8.155157e+02
    endloop
  endfacet
  facet normal -3.343146e-02 -9.917559e-01 -1.237036e-01
    outer loop
      vertex 2.520000e+03 -5.246245e+01 -6.553784e+02
      vertex 3.600000e+03 -7.195786e+01 -7.909548e+02
      vertex 3.600000e+03 -7.515916e+01 -7.652893e+02
    endloop
  endfacet
  facet normal -3.512932e-02 -9.904677e-01 -1.331902e-01
    outer loop
      vertex 2.520000e+03 -5.473603e+01 -6.323125e+02
      vertex 3.600000e+03 -7.515916e+01 -7.652893e+02
      vertex 3.600000e+03 -7.876898e+01 -7.384449e+02
    endloop
  endfacet
  facet normal -3.088230e-02 -9.947025e-01 -9.804677e-02
    outer loop
      vertex 2.520000e+03 -5.473603e+01 -6.323125e+02
      vertex 2.520000e+03 -5.246245e+01 -6.553784e+02
      vertex 3.600000e+03 -7.515916e+01 -7.652893e+02
    endloop
  endfacet
  facet normal -3.696518e-02 -9.888725e-01 -1.441001e-01
    outer loop
      vertex 2.520000e+03 -5.739000e+01 -6.081098e+02
      vertex 3.600000e+03 -7.876898e+01 -7.384449e+02
      vertex 3.600000e+03 -8.287075e+01 -7.102970e+02
    endloop
  endfacet
  facet normal -3.281422e-02 -9.935061e-01 -1.089438e-01
    outer loop
      vertex 2.520000e+03 -5.739000e+01 -6.081098e+02
      vertex 2.520000e+03 -5.473603e+01 -6.323125e+02
      vertex 3.600000e+03 -7.876898e+01 -7.384449e+02
    endloop
  endfacet
  facet normal -3.895549e-02 -9.868789e-01 -1.566924e-01
    outer loop
      vertex 2.520000e+03 -6.051486e+01 -5.825986e+02
      vertex 3.600000e+03 -8.287075e+01 -7.102970e+02
      vertex 3.600000e+03 -8.758692e+01 -6.805936e+02
    endloop
  endfacet
  facet normal -3.490069e-02 -9.919769e-01 -1.215068e-01
    outer loop
      vertex 2.520000e+03 -6.051486e+01 -5.825986e+02
      vertex 2.520000e+03 -5.739000e+01 -6.081098e+02
      vertex 3.600000e+03 -8.287075e+01 -7.102970e+02
    endloop
  endfacet
  facet normal -4.089253e-02 -9.847361e-01 -1.691820e-01
    outer loop
      vertex 2.520000e+03 -6.421297e+01 -5.555995e+02
      vertex 3.600000e+03 -8.758692e+01 -6.805936e+02
      vertex 3.600000e+03 -9.297989e+01 -6.492034e+02
    endloop
  endfacet
  facet normal -3.712254e-02 -9.900665e-01 -1.356110e-01
    outer loop
      vertex 2.520000e+03 -6.421297e+01 -5.555995e+02
      vertex 2.520000e+03 -6.051486e+01 -5.825986e+02
      vertex 3.600000e+03 -8.758692e+01 -6.805936e+02
    endloop
  endfacet
  facet normal -4.262689e-02 -9.822429e-01 -1.827068e-01
    outer loop
      vertex 2.520000e+03 -6.704797e+01 -5.366428e+02
      vertex 3.600000e+03 -9.297989e+01 -6.492034e+02
      vertex 3.600000e+03 -9.919959e+01 -6.157659e+02
    endloop
  endfacet
  facet normal -3.913221e-02 -9.882438e-01 -1.477935e-01
    outer loop
      vertex 2.520000e+03 -6.704797e+01 -5.366428e+02
      vertex 2.520000e+03 -6.421297e+01 -5.555995e+02
      vertex 3.600000e+03 -9.297989e+01 -6.492034e+02
    endloop
  endfacet
  facet normal -4.438078e-02 -9.804236e-01 -1.918328e-01
    outer loop
      vertex 2.520000e+03 -7.371543e+01 -4.961515e+02
      vertex 3.600000e+03 -9.919959e+01 -6.157659e+02
      vertex 3.600000e+03 -1.037917e+02 -5.922967e+02
    endloop
  endfacet
  facet normal -4.092320e-02 -9.866446e-01 -1.576636e-01
    outer loop
      vertex 2.520000e+03 -7.021023e+01 -5.168537e+02
      vertex 2.520000e+03 -6.704797e+01 -5.366428e+02
      vertex 3.600000e+03 -9.919959e+01 -6.157659e+02
    endloop
  endfacet
  facet normal -4.171823e-02 -9.851087e-01 -1.667944e-01
    outer loop
      vertex 2.520000e+03 -7.371543e+01 -4.961515e+02
      vertex 2.520000e+03 -7.021023e+01 -5.168537e+02
      vertex 3.600000e+03 -9.919959e+01 -6.157659e+02
    endloop
  endfacet
  facet normal -4.538797e-02 -9.791517e-01 -1.979944e-01
    outer loop
      vertex 2.520000e+03 -7.754221e+01 -4.745317e+02
      vertex 3.600000e+03 -1.037917e+02 -5.922967e+02
      vertex 3.600000e+03 -1.087451e+02 -5.678002e+02
    endloop
  endfacet
  facet normal -4.289880e-02 -9.837872e-01 -1.741335e-01
    outer loop
      vertex 2.520000e+03 -7.754221e+01 -4.745317e+02
      vertex 2.520000e+03 -7.371543e+01 -4.961515e+02
      vertex 3.600000e+03 -1.037917e+02 -5.922967e+02
    endloop
  endfacet
  facet normal -4.632732e-02 -9.780264e-01 -2.032686e-01
    outer loop
      vertex 2.520000e+03 -8.167297e+01 -4.519128e+02
      vertex 3.600000e+03 -1.087451e+02 -5.678002e+02
      vertex 3.600000e+03 -1.140480e+02 -5.422852e+02
    endloop
  endfacet
  facet normal -4.389399e-02 -9.827818e-01 -1.794804e-01
    outer loop
      vertex 2.520000e+03 -8.167297e+01 -4.519128e+02
      vertex 2.520000e+03 -7.754221e+01 -4.745317e+02
      vertex 3.600000e+03 -1.087451e+02 -5.678002e+02
    endloop
  endfacet
  facet normal -4.698409e-02 -9.775885e-01 -2.052148e-01
    outer loop
      vertex 2.520000e+03 -8.606963e+01 -4.282999e+02
      vertex 3.600000e+03 -1.140480e+02 -5.422852e+02
      vertex 3.600000e+03 -1.196414e+02 -5.156398e+02
    endloop
  endfacet
  facet normal -4.474290e-02 -9.821188e-01 -1.828678e-01
    outer loop
      vertex 2.520000e+03 -8.606963e+01 -4.282999e+02
      vertex 2.520000e+03 -8.167297e+01 -4.519128e+02
      vertex 3.600000e+03 -1.140480e+02 -5.422852e+02
    endloop
  endfacet
  facet normal -4.775583e-02 -9.769593e-01 -2.080143e-01
    outer loop
      vertex 2.520000e+03 -9.070239e+01 -4.036087e+02
      vertex 3.600000e+03 -1.196414e+02 -5.156398e+02
      vertex 3.600000e+03 -1.255502e+02 -4.878885e+02
    endloop
  endfacet
  facet normal -4.541822e-02 -9.818352e-01 -1.842197e-01
    outer loop
      vertex 2.520000e+03 -9.070239e+01 -4.036087e+02
      vertex 2.520000e+03 -8.606963e+01 -4.282999e+02
      vertex 3.600000e+03 -1.196414e+02 -5.156398e+02
    endloop
  endfacet
  facet normal -4.764385e-02 -9.772989e-01 -2.064389e-01
    outer loop
      vertex 2.520000e+03 -9.070239e+01 -4.036087e+02
      vertex 3.600000e+03 -1.255502e+02 -4.878885e+02
      vertex 3.600000e+03 -1.316657e+02 -4.589374e+02
    endloop
  endfacet
  facet normal -4.810518e-02 -9.776171e-01 -2.048185e-01
    outer loop
      vertex 2.520000e+03 -9.551376e+01 -3.778370e+02
      vertex 3.600000e+03 -1.316657e+02 -4.589374e+02
      vertex 3.600000e+03 -1.379856e+02 -4.287717e+02
    endloop
  endfacet
  facet normal -4.663581e-02 -9.819462e-01 -1.833213e-01
    outer loop
      vertex 2.520000e+03 -9.551376e+01 -3.778370e+02
      vertex 2.520000e+03 -9.070239e+01 -4.036087e+02
      vertex 3.600000e+03 -1.316657e+02 -4.589374e+02
    endloop
  endfacet
  facet normal -4.848114e-02 -9.784490e-01 -2.007167e-01
    outer loop
      vertex 2.520000e+03 -1.004462e+02 -3.509049e+02
      vertex 3.600000e+03 -1.379856e+02 -4.287717e+02
      vertex 3.600000e+03 -1.444327e+02 -3.973437e+02
    endloop
  endfacet
  facet normal -4.712600e-02 -9.825471e-01 -1.799455e-01
    outer loop
      vertex 2.520000e+03 -1.004462e+02 -3.509049e+02
      vertex 2.520000e+03 -9.551376e+01 -3.778370e+02
      vertex 3.600000e+03 -1.379856e+02 -4.287717e+02
    endloop
  endfacet
  facet normal -4.897244e-02 -9.802839e-01 -1.914295e-01
    outer loop
      vertex 2.520000e+03 -1.078710e+02 -3.082803e+02
      vertex 3.600000e+03 -1.444327e+02 -3.973437e+02
      vertex 3.600000e+03 -1.508395e+02 -3.645356e+02
    endloop
  endfacet
  facet normal -4.756878e-02 -9.834633e-01 -1.747490e-01
    outer loop
      vertex 2.520000e+03 -1.041727e+02 -3.299327e+02
      vertex 2.520000e+03 -1.004462e+02 -3.509049e+02
      vertex 3.600000e+03 -1.444327e+02 -3.973437e+02
    endloop
  endfacet
  facet normal -4.720198e-02 -9.846259e-01 -1.681782e-01
    outer loop
      vertex 2.520000e+03 -1.078710e+02 -3.082803e+02
      vertex 2.520000e+03 -1.041727e+02 -3.299327e+02
      vertex 3.600000e+03 -1.444327e+02 -3.973437e+02
    endloop
  endfacet
  facet normal -4.929616e-02 -9.813169e-01 -1.859756e-01
    outer loop
      vertex 2.520000e+03 -1.114993e+02 -2.858443e+02
      vertex 3.600000e+03 -1.508395e+02 -3.645356e+02
      vertex 3.600000e+03 -1.556675e+02 -3.390599e+02
    endloop
  endfacet
  facet normal -4.753711e-02 -9.860587e-01 -1.594630e-01
    outer loop
      vertex 2.520000e+03 -1.114993e+02 -2.858443e+02
      vertex 2.520000e+03 -1.078710e+02 -3.082803e+02
      vertex 3.600000e+03 -1.508395e+02 -3.645356e+02
    endloop
  endfacet
  facet normal -4.943943e-02 -9.832823e-01 -1.752477e-01
    outer loop
      vertex 2.520000e+03 -1.149879e+02 -2.626249e+02
      vertex 3.600000e+03 -1.556675e+02 -3.390599e+02
      vertex 3.600000e+03 -1.603615e+02 -3.127231e+02
    endloop
  endfacet
  facet normal -4.770926e-02 -9.877744e-01 -1.484103e-01
    outer loop
      vertex 2.520000e+03 -1.149879e+02 -2.626249e+02
      vertex 2.520000e+03 -1.114993e+02 -2.858443e+02
      vertex 3.600000e+03 -1.556675e+02 -3.390599e+02
    endloop
  endfacet
  facet normal -4.947991e-02 -9.857003e-01 -1.610796e-01
    outer loop
      vertex 2.520000e+03 -1.182595e+02 -2.386083e+02
      vertex 3.600000e+03 -1.603615e+02 -3.127231e+02
      vertex 3.600000e+03 -1.648210e+02 -2.854336e+02
    endloop
  endfacet
  facet normal -4.783437e-02 -9.897148e-01 -1.348203e-01
    outer loop
      vertex 2.520000e+03 -1.182595e+02 -2.386083e+02
      vertex 2.520000e+03 -1.149879e+02 -2.626249e+02
      vertex 3.600000e+03 -1.603615e+02 -3.127231e+02
    endloop
  endfacet
  facet normal -4.988224e-02 -9.872347e-01 -1.512594e-01
    outer loop
      vertex 2.520000e+03 -1.212465e+02 -2.136725e+02
      vertex 3.600000e+03 -1.648210e+02 -2.854336e+02
      vertex 3.600000e+03 -1.691407e+02 -2.572396e+02
    endloop
  endfacet
  facet normal -4.790814e-02 -9.917617e-01 -1.188005e-01
    outer loop
      vertex 2.520000e+03 -1.212465e+02 -2.136725e+02
      vertex 2.520000e+03 -1.182595e+02 -2.386083e+02
      vertex 3.600000e+03 -1.648210e+02 -2.854336e+02
    endloop
  endfacet
  facet normal -4.941552e-02 -9.892759e-01 -1.374459e-01
    outer loop
      vertex 2.520000e+03 -1.212465e+02 -2.136725e+02
      vertex 3.600000e+03 -1.691407e+02 -2.572396e+02
      vertex 3.600000e+03 -1.731845e+02 -2.281343e+02
    endloop
  endfacet
  facet normal -4.971528e-02 -9.915375e-01 -1.199245e-01
    outer loop
      vertex 2.520000e+03 -1.239054e+02 -1.878551e+02
      vertex 3.600000e+03 -1.731845e+02 -2.281343e+02
      vertex 3.600000e+03 -1.768181e+02 -1.980917e+02
    endloop
  endfacet
  facet normal -4.915011e-02 -9.935359e-01 -1.023258e-01
    outer loop
      vertex 2.520000e+03 -1.239054e+02 -1.878551e+02
      vertex 2.520000e+03 -1.212465e+02 -2.136725e+02
      vertex 3.600000e+03 -1.731845e+02 -2.281343e+02
    endloop
  endfacet
  facet normal -5.016739e-02 -9.930454e-01 -1.065084e-01
    outer loop
      vertex 2.520000e+03 -1.262139e+02 -1.612073e+02
      vertex 3.600000e+03 -1.768181e+02 -1.980917e+02
      vertex 3.600000e+03 -1.801456e+02 -1.670672e+02
    endloop
  endfacet
  facet normal -4.956742e-02 -9.950442e-01 -8.619855e-02
    outer loop
      vertex 2.520000e+03 -1.262139e+02 -1.612073e+02
      vertex 2.520000e+03 -1.239054e+02 -1.878551e+02
      vertex 3.600000e+03 -1.768181e+02 -1.980917e+02
    endloop
  endfacet
  facet normal -5.118513e-02 -9.945853e-01 -9.044412e-02
    outer loop
      vertex 2.520000e+03 -1.291436e+02 -1.167152e+02
      vertex 3.600000e+03 -1.801456e+02 -1.670672e+02
      vertex 3.600000e+03 -1.830466e+02 -1.351660e+02
    endloop
  endfacet
  facet normal -5.013480e-02 -9.961472e-01 -7.195260e-02
    outer loop
      vertex 2.520000e+03 -1.278001e+02 -1.392469e+02
      vertex 2.520000e+03 -1.262139e+02 -1.612073e+02
      vertex 3.600000e+03 -1.801456e+02 -1.670672e+02
    endloop
  endfacet
  facet normal -4.985327e-02 -9.969859e-01 -5.944543e-02
    outer loop
      vertex 2.520000e+03 -1.291436e+02 -1.167152e+02
      vertex 2.520000e+03 -1.278001e+02 -1.392469e+02
      vertex 3.600000e+03 -1.801456e+02 -1.670672e+02
    endloop
  endfacet
  facet normal -5.140123e-02 -9.962313e-01 -6.986427e-02
    outer loop
      vertex 2.520000e+03 -1.302314e+02 -9.369801e+01
      vertex 3.600000e+03 -1.830466e+02 -1.351660e+02
      vertex 3.600000e+03 -1.853362e+02 -1.025180e+02
    endloop
  endfacet
  facet normal -5.059619e-02 -9.976057e-01 -4.714721e-02
    outer loop
      vertex 2.520000e+03 -1.302314e+02 -9.369801e+01
      vertex 2.520000e+03 -1.291436e+02 -1.167152e+02
      vertex 3.600000e+03 -1.830466e+02 -1.351660e+02
    endloop
  endfacet
  facet normal -5.161885e-02 -9.974116e-01 -5.005591e-02
    outer loop
      vertex 2.520000e+03 -1.310621e+02 -7.025826e+01
      vertex 3.600000e+03 -1.853362e+02 -1.025180e+02
      vertex 3.600000e+03 -1.870120e+02 -6.912460e+01
    endloop
  endfacet
  facet normal -5.121291e-02 -9.980611e-01 -3.537291e-02
    outer loop
      vertex 2.520000e+03 -1.310621e+02 -7.025826e+01
      vertex 2.520000e+03 -1.302314e+02 -9.369801e+01
      vertex 3.600000e+03 -1.853362e+02 -1.025180e+02
    endloop
  endfacet
  facet normal -5.185542e-02 -9.981276e-01 -3.243920e-02
    outer loop
      vertex 2.520000e+03 -1.316395e+02 -4.646600e+01
      vertex 3.600000e+03 -1.870120e+02 -6.912460e+01
      vertex 3.600000e+03 -1.881227e+02 -3.495195e+01
    endloop
  endfacet
  facet normal -5.169556e-02 -9.983689e-01 -2.422975e-02
    outer loop
      vertex 2.520000e+03 -1.316395e+02 -4.646600e+01
      vertex 2.520000e+03 -1.310621e+02 -7.025826e+01
      vertex 3.600000e+03 -1.870120e+02 -6.912460e+01
    endloop
  endfacet
  facet normal -5.209083e-02 -9.985208e-01 -1.557986e-02
    outer loop
      vertex 2.520000e+03 -1.319625e+02 -2.333341e+01
      vertex 3.600000e+03 -1.881227e+02 -3.495195e+01
      vertex 3.600000e+03 -1.886680e+02 -4.141034e-13
    endloop
  endfacet
  facet normal -5.207451e-02 -9.985459e-01 -1.394107e-02
    outer loop
      vertex 2.520000e+03 -1.319625e+02 -2.333341e+01
      vertex 2.520000e+03 -1.316395e+02 -4.646600e+01
      vertex 3.600000e+03 -1.881227e+02 -3.495195e+01
    endloop
  endfacet
  facet normal -5.233079e-02 -9.985310e-01 1.404558e-02
    outer loop
      vertex 2.520000e+03 -1.320676e+02 -3.446186e-29
      vertex 3.600000e+03 -1.886680e+02 -4.141034e-13
      vertex 3.600000e+03 -1.882716e+02 2.817884e+01
    endloop
  endfacet
  facet normal -5.233543e-02 -9.986194e-01 -4.498342e-03
    outer loop
      vertex 2.520000e+03 -1.319625e+02 -2.333341e+01
      vertex 3.600000e+03 -1.886680e+02 -4.141034e-13
      vertex 2.520000e+03 -1.320676e+02 -3.446186e-29
    endloop
  endfacet
  facet normal -5.216850e-02 -9.982610e-01 2.744913e-02
    outer loop
      vertex 2.520000e+03 -1.319614e+02 2.345556e+01
      vertex 3.600000e+03 -1.882716e+02 2.817884e+01
      vertex 3.600000e+03 -1.875108e+02 5.584965e+01
    endloop
  endfacet
  facet normal -5.208759e-02 -9.986323e-01 4.522590e-03
    outer loop
      vertex 2.520000e+03 -1.319614e+02 2.345556e+01
      vertex 2.520000e+03 -1.320676e+02 -3.446186e-29
      vertex 3.600000e+03 -1.882716e+02 2.817884e+01
    endloop
  endfacet
  facet normal -5.197263e-02 -9.977925e-01 4.133859e-02
    outer loop
      vertex 2.520000e+03 -1.316350e+02 4.670560e+01
      vertex 3.600000e+03 -1.875108e+02 5.584965e+01
      vertex 3.600000e+03 -1.863854e+02 8.301242e+01
    endloop
  endfacet
  facet normal -5.178102e-02 -9.985601e-01 1.401798e-02
    outer loop
      vertex 2.520000e+03 -1.316350e+02 4.670560e+01
      vertex 2.520000e+03 -1.319614e+02 2.345556e+01
      vertex 3.600000e+03 -1.875108e+02 5.584965e+01
    endloop
  endfacet
  facet normal -5.172665e-02 -9.971049e-01 5.573245e-02
    outer loop
      vertex 2.520000e+03 -1.310516e+02 7.061152e+01
      vertex 3.600000e+03 -1.863854e+02 8.301242e+01
      vertex 3.600000e+03 -1.848956e+02 1.096672e+02
    endloop
  endfacet
  facet normal -5.143178e-02 -9.983792e-01 2.436529e-02
    outer loop
      vertex 2.520000e+03 -1.310516e+02 7.061152e+01
      vertex 2.520000e+03 -1.316350e+02 4.670560e+01
      vertex 3.600000e+03 -1.863854e+02 8.301242e+01
    endloop
  endfacet
  facet normal -5.147233e-02 -9.960452e-01 7.241920e-02
    outer loop
      vertex 2.520000e+03 -1.302123e+02 9.415858e+01
      vertex 3.600000e+03 -1.848956e+02 1.096672e+02
      vertex 3.600000e+03 -1.829921e+02 1.358472e+02
    endloop
  endfacet
  facet normal -5.104537e-02 -9.980626e-01 3.557272e-02
    outer loop
      vertex 2.520000e+03 -1.302123e+02 9.415858e+01
      vertex 2.520000e+03 -1.310516e+02 7.061152e+01
      vertex 3.600000e+03 -1.848956e+02 1.096672e+02
    endloop
  endfacet
  facet normal -5.117791e-02 -9.945481e-01 9.085602e-02
    outer loop
      vertex 2.520000e+03 -1.291135e+02 1.172758e+02
      vertex 3.600000e+03 -1.829921e+02 1.358472e+02
      vertex 3.600000e+03 -1.800657e+02 1.678811e+02
    endloop
  endfacet
  facet normal -5.058286e-02 -9.975936e-01 4.741579e-02
    outer loop
      vertex 2.520000e+03 -1.291135e+02 1.172758e+02
      vertex 2.520000e+03 -1.302123e+02 9.415858e+01
      vertex 3.600000e+03 -1.829921e+02 1.358472e+02
    endloop
  endfacet
  facet normal -5.086454e-02 -9.929602e-01 1.069718e-01
    outer loop
      vertex 2.520000e+03 -1.277570e+02 1.398995e+02
      vertex 3.600000e+03 -1.800657e+02 1.678811e+02
      vertex 3.600000e+03 -1.767104e+02 1.990260e+02
    endloop
  endfacet
  facet normal -4.983593e-02 -9.969667e-01 5.978077e-02
    outer loop
      vertex 2.520000e+03 -1.277570e+02 1.398995e+02
      vertex 2.520000e+03 -1.291135e+02 1.172758e+02
      vertex 3.600000e+03 -1.800657e+02 1.678811e+02
    endloop
  endfacet
  facet normal -4.970234e-02 -9.914788e-01 1.204136e-01
    outer loop
      vertex 2.520000e+03 -1.238270e+02 1.886807e+02
      vertex 3.600000e+03 -1.767104e+02 1.990260e+02
      vertex 3.600000e+03 -1.730485e+02 2.291780e+02
    endloop
  endfacet
  facet normal -4.911479e-02 -9.961690e-01 7.235410e-02
    outer loop
      vertex 2.520000e+03 -1.261560e+02 1.619422e+02
      vertex 2.520000e+03 -1.277570e+02 1.398995e+02
      vertex 3.600000e+03 -1.767104e+02 1.990260e+02
    endloop
  endfacet
  facet normal -4.955171e-02 -9.950043e-01 8.666658e-02
    outer loop
      vertex 2.520000e+03 -1.238270e+02 1.886807e+02
      vertex 2.520000e+03 -1.261560e+02 1.619422e+02
      vertex 3.600000e+03 -1.767104e+02 1.990260e+02
    endloop
  endfacet
  facet normal -5.025611e-02 -9.891556e-01 1.380057e-01
    outer loop
      vertex 2.520000e+03 -1.238270e+02 1.886807e+02
      vertex 3.600000e+03 -1.730485e+02 2.291780e+02
      vertex 3.600000e+03 -1.689742e+02 2.583804e+02
    endloop
  endfacet
  facet normal -4.987509e-02 -9.871454e-01 1.518432e-01
    outer loop
      vertex 2.520000e+03 -1.211452e+02 2.145792e+02
      vertex 3.600000e+03 -1.689742e+02 2.583804e+02
      vertex 3.600000e+03 -1.646241e+02 2.866611e+02
    endloop
  endfacet
  facet normal -4.817184e-02 -9.935268e-01 1.028783e-01
    outer loop
      vertex 2.520000e+03 -1.211452e+02 2.145792e+02
      vertex 2.520000e+03 -1.238270e+02 1.886807e+02
      vertex 3.600000e+03 -1.689742e+02 2.583804e+02
    endloop
  endfacet
  facet normal -4.947163e-02 -9.856140e-01 1.616094e-01
    outer loop
      vertex 2.520000e+03 -1.181336e+02 2.395868e+02
      vertex 3.600000e+03 -1.646241e+02 2.866611e+02
      vertex 3.600000e+03 -1.601366e+02 3.140293e+02
    endloop
  endfacet
  facet normal -4.789452e-02 -9.916868e-01 1.194291e-01
    outer loop
      vertex 2.520000e+03 -1.181336e+02 2.395868e+02
      vertex 2.520000e+03 -1.211452e+02 2.145792e+02
      vertex 3.600000e+03 -1.646241e+02 2.866611e+02
    endloop
  endfacet
  facet normal -4.943438e-02 -9.831906e-01 1.757625e-01
    outer loop
      vertex 2.520000e+03 -1.148379e+02 2.636663e+02
      vertex 3.600000e+03 -1.601366e+02 3.140293e+02
      vertex 3.600000e+03 -1.554160e+02 3.404354e+02
    endloop
  endfacet
  facet normal -4.782438e-02 -9.896299e-01 1.354454e-01
    outer loop
      vertex 2.520000e+03 -1.148379e+02 2.636663e+02
      vertex 2.520000e+03 -1.181336e+02 2.395868e+02
      vertex 3.600000e+03 -1.601366e+02 3.140293e+02
    endloop
  endfacet
  facet normal -4.929195e-02 -9.812256e-01 1.864584e-01
    outer loop
      vertex 2.520000e+03 -1.113272e+02 2.869422e+02
      vertex 3.600000e+03 -1.554160e+02 3.404354e+02
      vertex 3.600000e+03 -1.505634e+02 3.659722e+02
    endloop
  endfacet
  facet normal -4.769919e-02 -9.876901e-01 1.489733e-01
    outer loop
      vertex 2.520000e+03 -1.113272e+02 2.869422e+02
      vertex 2.520000e+03 -1.148379e+02 2.636663e+02
      vertex 3.600000e+03 -1.554160e+02 3.404354e+02
    endloop
  endfacet
  facet normal -4.896408e-02 -9.802090e-01 1.918146e-01
    outer loop
      vertex 2.520000e+03 -1.076793e+02 3.094289e+02
      vertex 3.600000e+03 -1.505634e+02 3.659722e+02
      vertex 3.600000e+03 -1.441291e+02 3.988524e+02
    endloop
  endfacet
  facet normal -4.752512e-02 -9.859799e-01 1.599531e-01
    outer loop
      vertex 2.520000e+03 -1.076793e+02 3.094289e+02
      vertex 2.520000e+03 -1.113272e+02 2.869422e+02
      vertex 3.600000e+03 -1.505634e+02 3.659722e+02
    endloop
  endfacet
  facet normal -4.898933e-02 -9.783677e-01 2.009893e-01
    outer loop
      vertex 2.520000e+03 -1.039641e+02 3.311259e+02
      vertex 3.600000e+03 -1.441291e+02 3.988524e+02
      vertex 3.600000e+03 -1.376603e+02 4.303410e+02
    endloop
  endfacet
  facet normal -4.718753e-02 -9.845567e-01 1.685863e-01
    outer loop
      vertex 2.520000e+03 -1.039641e+02 3.311259e+02
      vertex 2.520000e+03 -1.076793e+02 3.094289e+02
      vertex 3.600000e+03 -1.441291e+02 3.988524e+02
    endloop
  endfacet
  facet normal -4.808765e-02 -9.775804e-01 2.049979e-01
    outer loop
      vertex 2.520000e+03 -9.527734e+01 3.791117e+02
      vertex 3.600000e+03 -1.376603e+02 4.303410e+02
      vertex 3.600000e+03 -1.313242e+02 4.605562e+02
    endloop
  endfacet
  facet normal -4.676699e-02 -9.834439e-01 1.750740e-01
    outer loop
      vertex 2.520000e+03 -1.002236e+02 3.521370e+02
      vertex 2.520000e+03 -1.039641e+02 3.311259e+02
      vertex 3.600000e+03 -1.376603e+02 4.303410e+02
    endloop
  endfacet
  facet normal -4.710292e-02 -9.825087e-01 1.801609e-01
    outer loop
      vertex 2.520000e+03 -9.527734e+01 3.791117e+02
      vertex 2.520000e+03 -1.002236e+02 3.521370e+02
      vertex 3.600000e+03 -1.376603e+02 4.303410e+02
    endloop
  endfacet
  facet normal -4.819042e-02 -9.772584e-01 2.065032e-01
    outer loop
      vertex 2.520000e+03 -9.527734e+01 3.791117e+02
      vertex 3.600000e+03 -1.313242e+02 4.605562e+02
      vertex 3.600000e+03 -1.251984e+02 4.895459e+02
    endloop
  endfacet
  facet normal -4.772419e-02 -9.769690e-01 2.079758e-01
    outer loop
      vertex 2.520000e+03 -9.045712e+01 4.049161e+02
      vertex 3.600000e+03 -1.251984e+02 4.895459e+02
      vertex 3.600000e+03 -1.192847e+02 5.173255e+02
    endloop
  endfacet
  facet normal -4.596108e-02 -9.819582e-01 1.834279e-01
    outer loop
      vertex 2.520000e+03 -9.045712e+01 4.049161e+02
      vertex 2.520000e+03 -9.527734e+01 3.791117e+02
      vertex 3.600000e+03 -1.251984e+02 4.895459e+02
    endloop
  endfacet
  facet normal -4.694354e-02 -9.776207e-01 2.050709e-01
    outer loop
      vertex 2.520000e+03 -8.582045e+01 4.296307e+02
      vertex 3.600000e+03 -1.192847e+02 5.173255e+02
      vertex 3.600000e+03 -1.136914e+02 5.439904e+02
    endloop
  endfacet
  facet normal -4.537974e-02 -9.818403e-01 1.842017e-01
    outer loop
      vertex 2.520000e+03 -8.582045e+01 4.296307e+02
      vertex 2.520000e+03 -9.045712e+01 4.049161e+02
      vertex 3.600000e+03 -1.192847e+02 5.173255e+02
    endloop
  endfacet
  facet normal -4.627654e-02 -9.780837e-01 2.030044e-01
    outer loop
      vertex 2.520000e+03 -8.142460e+01 4.532581e+02
      vertex 3.600000e+03 -1.136914e+02 5.439904e+02
      vertex 3.600000e+03 -1.083935e+02 5.695157e+02
    endloop
  endfacet
  facet normal -4.469448e-02 -9.821471e-01 1.827278e-01
    outer loop
      vertex 2.520000e+03 -8.142460e+01 4.532581e+02
      vertex 2.520000e+03 -8.582045e+01 4.296307e+02
      vertex 3.600000e+03 -1.136914e+02 5.439904e+02
    endloop
  endfacet
  facet normal -4.532598e-02 -9.792309e-01 1.976167e-01
    outer loop
      vertex 2.520000e+03 -7.729883e+01 4.758840e+02
      vertex 3.600000e+03 -1.083935e+02 5.695157e+02
      vertex 3.600000e+03 -1.034493e+02 5.940155e+02
    endloop
  endfacet
  facet normal -4.383447e-02 -9.828326e-01 1.792166e-01
    outer loop
      vertex 2.520000e+03 -7.729883e+01 4.758840e+02
      vertex 2.520000e+03 -8.142460e+01 4.532581e+02
      vertex 3.600000e+03 -1.083935e+02 5.695157e+02
    endloop
  endfacet
  facet normal -4.430343e-02 -9.805304e-01 1.913042e-01
    outer loop
      vertex 2.520000e+03 -7.348129e+01 4.975032e+02
      vertex 3.600000e+03 -1.034493e+02 5.940155e+02
      vertex 3.600000e+03 -9.887120e+01 6.174803e+02
    endloop
  endfacet
  facet normal -4.282546e-02 -9.838616e-01 1.737309e-01
    outer loop
      vertex 2.520000e+03 -7.348129e+01 4.975032e+02
      vertex 2.520000e+03 -7.729883e+01 4.758840e+02
      vertex 3.600000e+03 -1.034493e+02 5.940155e+02
    endloop
  endfacet
  facet normal -4.300827e-02 -9.823436e-01 1.820749e-01
    outer loop
      vertex 2.520000e+03 -6.998901e+01 5.181987e+02
      vertex 3.600000e+03 -9.887120e+01 6.174803e+02
      vertex 3.600000e+03 -9.267660e+01 6.509019e+02
    endloop
  endfacet
  facet normal -4.162997e-02 -9.852046e-01 1.662493e-01
    outer loop
      vertex 2.520000e+03 -6.998901e+01 5.181987e+02
      vertex 2.520000e+03 -7.348129e+01 4.975032e+02
      vertex 3.600000e+03 -9.887120e+01 6.174803e+02
    endloop
  endfacet
  facet normal -4.079045e-02 -9.848617e-01 1.684741e-01
    outer loop
      vertex 2.520000e+03 -6.402309e+01 5.569175e+02
      vertex 3.600000e+03 -9.267660e+01 6.509019e+02
      vertex 3.600000e+03 -8.731111e+01 6.822673e+02
    endloop
  endfacet
  facet normal -4.002127e-02 -9.867864e-01 1.570058e-01
    outer loop
      vertex 2.520000e+03 -6.684238e+01 5.379754e+02
      vertex 2.520000e+03 -6.998901e+01 5.181987e+02
      vertex 3.600000e+03 -9.267660e+01 6.509019e+02
    endloop
  endfacet
  facet normal -3.902330e-02 -9.883510e-01 1.471035e-01
    outer loop
      vertex 2.520000e+03 -6.402309e+01 5.569175e+02
      vertex 2.520000e+03 -6.684238e+01 5.379754e+02
      vertex 3.600000e+03 -9.267660e+01 6.509019e+02
    endloop
  endfacet
  facet normal -3.884974e-02 -9.869950e-01 1.559858e-01
    outer loop
      vertex 2.520000e+03 -6.034793e+01 5.838917e+02
      vertex 3.600000e+03 -8.731111e+01 6.822673e+02
      vertex 3.600000e+03 -8.262072e+01 7.119456e+02
    endloop
  endfacet
  facet normal -3.700893e-02 -9.901668e-01 1.349074e-01
    outer loop
      vertex 2.520000e+03 -6.034793e+01 5.838917e+02
      vertex 2.520000e+03 -6.402309e+01 5.569175e+02
      vertex 3.600000e+03 -8.731111e+01 6.822673e+02
    endloop
  endfacet
  facet normal -3.685859e-02 -9.889756e-01 1.434176e-01
    outer loop
      vertex 2.520000e+03 -5.724363e+01 6.093783e+02
      vertex 3.600000e+03 -8.262072e+01 7.119456e+02
      vertex 3.600000e+03 -7.854247e+01 7.400684e+02
    endloop
  endfacet
  facet normal -3.478642e-02 -9.920630e-01 1.208345e-01
    outer loop
      vertex 2.520000e+03 -5.724363e+01 6.093783e+02
      vertex 2.520000e+03 -6.034793e+01 5.838917e+02
      vertex 3.600000e+03 -8.262072e+01 7.119456e+02
    endloop
  endfacet
  facet normal -3.502769e-02 -9.905539e-01 1.325751e-01
    outer loop
      vertex 2.520000e+03 -5.460723e+01 6.335569e+02
      vertex 3.600000e+03 -7.854247e+01 7.400684e+02
      vertex 3.600000e+03 -7.495319e+01 7.668861e+02
    endloop
  endfacet
  facet normal -3.270438e-02 -9.935760e-01 1.083381e-01
    outer loop
      vertex 2.520000e+03 -5.460723e+01 6.335569e+02
      vertex 2.520000e+03 -5.724363e+01 6.093783e+02
      vertex 3.600000e+03 -7.854247e+01 7.400684e+02
    endloop
  endfacet
  facet normal -3.388689e-02 -9.918103e-01 1.231426e-01
    outer loop
      vertex 2.520000e+03 -5.460723e+01 6.335569e+02
      vertex 3.600000e+03 -7.495319e+01 7.668861e+02
      vertex 3.600000e+03 -7.177036e+01 7.925212e+02
    endloop
  endfacet
  facet normal -3.223778e-02 -9.929260e-01 1.142743e-01
    outer loop
      vertex 2.520000e+03 -5.234886e+01 6.565967e+02
      vertex 3.600000e+03 -7.177036e+01 7.925212e+02
      vertex 3.600000e+03 -6.894769e+01 8.170472e+02
    endloop
  endfacet
  facet normal -3.016102e-02 -9.947776e-01 9.750877e-02
    outer loop
      vertex 2.520000e+03 -5.234886e+01 6.565967e+02
      vertex 2.520000e+03 -5.460723e+01 6.335569e+02
      vertex 3.600000e+03 -7.177036e+01 7.925212e+02
    endloop
  endfacet
  facet normal -3.080311e-02 -9.937633e-01 1.071713e-01
    outer loop
      vertex 2.520000e+03 -5.040244e+01 6.785980e+02
      vertex 3.600000e+03 -6.894769e+01 8.170472e+02
      vertex 3.600000e+03 -6.641163e+01 8.405633e+02
    endloop
  endfacet
  facet normal -2.839017e-02 -9.957080e-01 8.808812e-02
    outer loop
      vertex 2.520000e+03 -5.040244e+01 6.785980e+02
      vertex 2.520000e+03 -5.234886e+01 6.565967e+02
      vertex 3.600000e+03 -6.894769e+01 8.170472e+02
    endloop
  endfacet
  facet normal -2.942366e-02 -9.944912e-01 1.006053e-01
    outer loop
      vertex 2.520000e+03 -4.871569e+01 6.996254e+02
      vertex 3.600000e+03 -6.641163e+01 8.405633e+02
      vertex 3.600000e+03 -6.413003e+01 8.631171e+02
    endloop
  endfacet
  facet normal -2.675770e-02 -9.964412e-01 7.993137e-02
    outer loop
      vertex 2.520000e+03 -4.871569e+01 6.996254e+02
      vertex 2.520000e+03 -5.040244e+01 6.785980e+02
      vertex 3.600000e+03 -6.641163e+01 8.405633e+02
    endloop
  endfacet
  facet normal -2.815086e-02 -9.950933e-01 9.485216e-02
    outer loop
      vertex 2.520000e+03 -4.724316e+01 7.197475e+02
      vertex 3.600000e+03 -6.413003e+01 8.631171e+02
      vertex 3.600000e+03 -6.206696e+01 8.847607e+02
    endloop
  endfacet
  facet normal -2.527496e-02 -9.970144e-01 7.296175e-02
    outer loop
      vertex 2.520000e+03 -4.724316e+01 7.197475e+02
      vertex 2.520000e+03 -4.871569e+01 6.996254e+02
      vertex 3.600000e+03 -6.413003e+01 8.631171e+02
    endloop
  endfacet
  facet normal -2.705415e-02 -9.955409e-01 9.036850e-02
    outer loop
      vertex 2.520000e+03 -4.594600e+01 7.390306e+02
      vertex 3.600000e+03 -6.206696e+01 8.847607e+02
      vertex 3.600000e+03 -6.017874e+01 9.055622e+02
    endloop
  endfacet
  facet normal -2.394274e-02 -9.974591e-01 6.709777e-02
    outer loop
      vertex 2.520000e+03 -4.594600e+01 7.390306e+02
      vertex 2.520000e+03 -4.724316e+01 7.197475e+02
      vertex 3.600000e+03 -6.206696e+01 8.847607e+02
    endloop
  endfacet
  facet normal -2.599618e-02 -9.959438e-01 8.614063e-02
    outer loop
      vertex 2.520000e+03 -4.479390e+01 7.575084e+02
      vertex 3.600000e+03 -6.017874e+01 9.055622e+02
      vertex 3.600000e+03 -5.845015e+01 9.255479e+02
    endloop
  endfacet
  facet normal -2.274258e-02 -9.978037e-01 6.221350e-02
    outer loop
      vertex 2.520000e+03 -4.479390e+01 7.575084e+02
      vertex 2.520000e+03 -4.594600e+01 7.390306e+02
      vertex 3.600000e+03 -6.017874e+01 9.055622e+02
    endloop
  endfacet
  facet normal -2.506092e-02 -9.962588e-01 8.270664e-02
    outer loop
      vertex 2.520000e+03 -4.376150e+01 7.752323e+02
      vertex 3.600000e+03 -5.845015e+01 9.255479e+02
      vertex 3.600000e+03 -5.685479e+01 9.447651e+02
    endloop
  endfacet
  facet normal -2.166601e-02 -9.980735e-01 5.813728e-02
    outer loop
      vertex 2.520000e+03 -4.376150e+01 7.752323e+02
      vertex 2.520000e+03 -4.479390e+01 7.575084e+02
      vertex 3.600000e+03 -5.845015e+01 9.255479e+02
    endloop
  endfacet
  facet normal -2.422946e-02 -9.965057e-01 7.993318e-02
    outer loop
      vertex 2.520000e+03 -4.282920e+01 7.922474e+02
      vertex 3.600000e+03 -5.685479e+01 9.447651e+02
      vertex 3.600000e+03 -5.537202e+01 9.632504e+02
    endloop
  endfacet
  facet normal -2.068903e-02 -9.982885e-01 5.469896e-02
    outer loop
      vertex 2.520000e+03 -4.282920e+01 7.922474e+02
      vertex 2.520000e+03 -4.376150e+01 7.752323e+02
      vertex 3.600000e+03 -5.685479e+01 9.447651e+02
    endloop
  endfacet
  facet normal -2.332911e-02 -9.967908e-01 7.657617e-02
    outer loop
      vertex 2.520000e+03 -4.197840e+01 8.085704e+02
      vertex 3.600000e+03 -5.537202e+01 9.632504e+02
      vertex 3.600000e+03 -5.269246e+01 9.981302e+02
    endloop
  endfacet
  facet normal -1.983571e-02 -9.984479e-01 5.204125e-02
    outer loop
      vertex 2.520000e+03 -4.197840e+01 8.085704e+02
      vertex 2.520000e+03 -4.282920e+01 7.922474e+02
      vertex 3.600000e+03 -5.537202e+01 9.632504e+02
    endloop
  endfacet
  facet normal -2.183740e-02 -9.971860e-01 7.171619e-02
    outer loop
      vertex 2.520000e+03 -4.046518e+01 8.392885e+02
      vertex 3.600000e+03 -5.269246e+01 9.981302e+02
      vertex 3.600000e+03 -5.036827e+01 1.030447e+03
    endloop
  endfacet
  facet normal -1.854108e-02 -9.986172e-01 4.919361e-02
    outer loop
      vertex 2.520000e+03 -4.046518e+01 8.392885e+02
      vertex 2.520000e+03 -4.197840e+01 8.085704e+02
      vertex 3.600000e+03 -5.269246e+01 9.981302e+02
    endloop
  endfacet
  facet normal -2.796832e-02 -9.929664e-01 1.150456e-01
    outer loop
      vertex 2.520000e+03 -3.884814e+01 8.673233e+02
      vertex 3.600000e+03 -5.036827e+01 1.030447e+03
      vertex 3.600000e+03 -4.705322e+01 1.059060e+03
    endloop
  endfacet
  facet normal -1.934297e-02 -9.981539e-01 5.757312e-02
    outer loop
      vertex 2.520000e+03 -3.884814e+01 8.673233e+02
      vertex 2.520000e+03 -4.046518e+01 8.392885e+02
      vertex 3.600000e+03 -5.036827e+01 1.030447e+03
    endloop
  endfacet
  facet normal -5.565548e-02 -9.570652e-01 2.844796e-01
    outer loop
      vertex 2.520000e+03 -3.446899e+01 8.901056e+02
      vertex 3.600000e+03 -4.705322e+01 1.059060e+03
      vertex 3.600000e+03 -4.044788e+01 1.081282e+03
    endloop
  endfacet
  facet normal -4.093794e-02 -9.811997e-01 1.886036e-01
    outer loop
      vertex 2.520000e+03 -3.446899e+01 8.901056e+02
      vertex 2.520000e+03 -3.884814e+01 8.673233e+02
      vertex 3.600000e+03 -4.705322e+01 1.059060e+03
    endloop
  endfacet
  facet normal -1.040161e-01 -8.137175e-01 5.718780e-01
    outer loop
      vertex 2.520000e+03 -2.579638e+01 9.056932e+02
      vertex 3.600000e+03 -4.044788e+01 1.081282e+03
      vertex 3.600000e+03 -2.990938e+01 1.096277e+03
    endloop
  endfacet
  facet normal -9.052787e-02 -8.702633e-01 4.841968e-01
    outer loop
      vertex 2.520000e+03 -2.579638e+01 9.056932e+02
      vertex 2.520000e+03 -3.446899e+01 8.901056e+02
      vertex 3.600000e+03 -4.044788e+01 1.081282e+03
    endloop
  endfacet
  facet normal -1.500644e-01 -5.130637e-01 8.451310e-01
    outer loop
      vertex 2.520000e+03 -1.324646e+01 9.146240e+02
      vertex 3.600000e+03 -2.990938e+01 1.096277e+03
      vertex 3.600000e+03 -1.538475e+01 1.105094e+03
    endloop
  endfacet
  facet normal -1.444540e-01 -5.737219e-01 8.062110e-01
    outer loop
      vertex 2.520000e+03 -1.324646e+01 9.146240e+02
      vertex 2.520000e+03 -2.579638e+01 9.056932e+02
      vertex 3.600000e+03 -2.990938e+01 1.096277e+03
    endloop
  endfacet
  facet normal -5.233542e-02 -9.986193e-01 4.522531e-03
    outer loop
      vertex 1.260119e+03 -6.604003e+01 2.306306e-15
      vertex 2.520000e+03 -1.320676e+02 -3.446186e-29
      vertex 2.520000e+03 -1.319614e+02 2.345556e+01
    endloop
  endfacet
  facet normal -5.233543e-02 -9.986194e-01 -4.498342e-03
    outer loop
      vertex 1.260119e+03 -6.604003e+01 2.306306e-15
      vertex 0.000000e+00 0.000000e+00 0.000000e+00
      vertex 2.520000e+03 -1.319625e+02 -2.333341e+01
    endloop
  endfacet
  facet normal -5.233543e-02 -9.986194e-01 -4.498342e-03
    outer loop
      vertex 2.520000e+03 -1.319625e+02 -2.333341e+01
      vertex 2.520000e+03 -1.320676e+02 -3.446186e-29
      vertex 1.260119e+03 -6.604003e+01 2.306306e-15
    endloop
  endfacet
  facet normal -5.241895e-02 -9.985268e-01 1.401751e-02
    outer loop
      vertex 0.000000e+00 0.000000e+00 0.000000e+00
      vertex 2.520000e+03 -1.319614e+02 2.345556e+01
      vertex 2.520000e+03 -1.316350e+02 4.670560e+01
    endloop
  endfacet
  facet normal -5.233542e-02 -9.986193e-01 4.522531e-03
    outer loop
      vertex 0.000000e+00 0.000000e+00 0.000000e+00
      vertex 1.260119e+03 -6.604003e+01 2.306306e-15
      vertex 2.520000e+03 -1.319614e+02 2.345556e+01
    endloop
  endfacet
  facet normal -5.259982e-02 -9.983184e-01 2.436381e-02
    outer loop
      vertex 0.000000e+00 0.000000e+00 0.000000e+00
      vertex 2.520000e+03 -1.316350e+02 4.670560e+01
      vertex 2.520000e+03 -1.310516e+02 7.061152e+01
    endloop
  endfacet
  facet normal -5.289550e-02 -9.979663e-01 3.556928e-02
    outer loop
      vertex 0.000000e+00 0.000000e+00 0.000000e+00
      vertex 2.520000e+03 -1.310516e+02 7.061152e+01
      vertex 2.520000e+03 -1.302123e+02 9.415858e+01
    endloop
  endfacet
  facet normal -5.331130e-02 -9.974519e-01 4.740905e-02
    outer loop
      vertex 0.000000e+00 0.000000e+00 0.000000e+00
      vertex 2.520000e+03 -1.302123e+02 9.415858e+01
      vertex 2.520000e+03 -1.291135e+02 1.172758e+02
    endloop
  endfacet
  facet normal -5.385096e-02 -9.967586e-01 5.976830e-02
    outer loop
      vertex 0.000000e+00 0.000000e+00 0.000000e+00
      vertex 2.520000e+03 -1.291135e+02 1.172758e+02
      vertex 2.520000e+03 -1.277570e+02 1.398995e+02
    endloop
  endfacet
  facet normal -5.450451e-02 -9.958901e-01 7.233384e-02
    outer loop
      vertex 0.000000e+00 0.000000e+00 0.000000e+00
      vertex 2.520000e+03 -1.277570e+02 1.398995e+02
      vertex 2.520000e+03 -1.261560e+02 1.619422e+02
    endloop
  endfacet
  facet normal -5.536430e-02 -9.947001e-01 8.664008e-02
    outer loop
      vertex 0.000000e+00 0.000000e+00 0.000000e+00
      vertex 2.520000e+03 -1.261560e+02 1.619422e+02
      vertex 2.520000e+03 -1.238270e+02 1.886807e+02
    endloop
  endfacet
  facet normal -5.649776e-02 -9.930928e-01 1.028334e-01
    outer loop
      vertex 0.000000e+00 0.000000e+00 0.000000e+00
      vertex 2.520000e+03 -1.238270e+02 1.886807e+02
      vertex 2.520000e+03 -1.211452e+02 2.145792e+02
    endloop
  endfacet
  facet normal -5.781291e-02 -9.911656e-01 1.193663e-01
    outer loop
      vertex 0.000000e+00 0.000000e+00 0.000000e+00
      vertex 2.520000e+03 -1.211452e+02 2.145792e+02
      vertex 2.520000e+03 -1.181336e+02 2.395868e+02
    endloop
  endfacet
  facet normal -5.923333e-02 -9.890240e-01 1.353624e-01
    outer loop
      vertex 0.000000e+00 0.000000e+00 0.000000e+00
      vertex 2.520000e+03 -1.181336e+02 2.395868e+02
      vertex 2.520000e+03 -1.148379e+02 2.636663e+02
    endloop
  endfacet
  facet normal -6.055437e-02 -9.870011e-01 1.488694e-01
    outer loop
      vertex 0.000000e+00 0.000000e+00 0.000000e+00
      vertex 2.520000e+03 -1.148379e+02 2.636663e+02
      vertex 2.520000e+03 -1.113272e+02 2.869422e+02
    endloop
  endfacet
  facet normal -6.172327e-02 -9.852132e-01 1.598287e-01
    outer loop
      vertex 0.000000e+00 0.000000e+00 0.000000e+00
      vertex 2.520000e+03 -1.113272e+02 2.869422e+02
      vertex 2.520000e+03 -1.076793e+02 3.094289e+02
    endloop
  endfacet
  facet normal -6.271686e-02 -9.837143e-01 1.684421e-01
    outer loop
      vertex 0.000000e+00 0.000000e+00 0.000000e+00
      vertex 2.520000e+03 -1.076793e+02 3.094289e+02
      vertex 2.520000e+03 -1.039641e+02 3.311259e+02
    endloop
  endfacet
  facet normal -6.351825e-02 -9.825331e-01 1.749119e-01
    outer loop
      vertex 0.000000e+00 0.000000e+00 0.000000e+00
      vertex 2.520000e+03 -1.039641e+02 3.311259e+02
      vertex 2.520000e+03 -1.002236e+02 3.521370e+02
    endloop
  endfacet
  facet normal -6.418952e-02 -9.815720e-01 1.799892e-01
    outer loop
      vertex 0.000000e+00 0.000000e+00 0.000000e+00
      vertex 2.520000e+03 -1.002236e+02 3.521370e+02
      vertex 2.520000e+03 -9.527734e+01 3.791117e+02
    endloop
  endfacet
  facet normal -6.465435e-02 -9.809402e-01 1.832378e-01
    outer loop
      vertex 0.000000e+00 0.000000e+00 0.000000e+00
      vertex 2.520000e+03 -9.527734e+01 3.791117e+02
      vertex 2.520000e+03 -9.045712e+01 4.049161e+02
    endloop
  endfacet
  facet normal -6.477211e-02 -9.807889e-01 1.840044e-01
    outer loop
      vertex 0.000000e+00 0.000000e+00 0.000000e+00
      vertex 2.520000e+03 -9.045712e+01 4.049161e+02
      vertex 2.520000e+03 -8.582045e+01 4.296307e+02
    endloop
  endfacet
  facet normal -6.453054e-02 -9.810805e-01 1.825293e-01
    outer loop
      vertex 0.000000e+00 0.000000e+00 0.000000e+00
      vertex 2.520000e+03 -8.582045e+01 4.296307e+02
      vertex 2.520000e+03 -8.142460e+01 4.532581e+02
    endloop
  endfacet
  facet normal -6.392189e-02 -9.817663e-01 1.790222e-01
    outer loop
      vertex 0.000000e+00 0.000000e+00 0.000000e+00
      vertex 2.520000e+03 -8.142460e+01 4.532581e+02
      vertex 2.520000e+03 -7.729883e+01 4.758840e+02
    endloop
  endfacet
  facet normal -6.291987e-02 -9.828138e-01 1.735459e-01
    outer loop
      vertex 0.000000e+00 0.000000e+00 0.000000e+00
      vertex 2.520000e+03 -7.729883e+01 4.758840e+02
      vertex 2.520000e+03 -7.348129e+01 4.975032e+02
    endloop
  endfacet
  facet normal -6.148594e-02 -9.841937e-01 1.660788e-01
    outer loop
      vertex 0.000000e+00 0.000000e+00 0.000000e+00
      vertex 2.520000e+03 -7.348129e+01 4.975032e+02
      vertex 2.520000e+03 -6.998901e+01 5.181987e+02
    endloop
  endfacet
  facet normal -5.963377e-02 -9.858201e-01 1.568520e-01
    outer loop
      vertex 0.000000e+00 0.000000e+00 0.000000e+00
      vertex 2.520000e+03 -6.998901e+01 5.181987e+02
      vertex 2.520000e+03 -6.684238e+01 5.379754e+02
    endloop
  endfacet
  facet normal -5.756805e-02 -9.874641e-01 1.469715e-01
    outer loop
      vertex 0.000000e+00 0.000000e+00 0.000000e+00
      vertex 2.520000e+03 -6.684238e+01 5.379754e+02
      vertex 2.520000e+03 -6.402309e+01 5.569175e+02
    endloop
  endfacet
  facet normal -5.492522e-02 -9.893499e-01 1.347961e-01
    outer loop
      vertex 0.000000e+00 0.000000e+00 0.000000e+00
      vertex 2.520000e+03 -6.402309e+01 5.569175e+02
      vertex 2.520000e+03 -6.034793e+01 5.838917e+02
    endloop
  endfacet
  facet normal -5.171728e-02 -9.913353e-01 1.207459e-01
    outer loop
      vertex 0.000000e+00 0.000000e+00 0.000000e+00
      vertex 2.520000e+03 -6.034793e+01 5.838917e+02
      vertex 2.520000e+03 -5.724363e+01 6.093783e+02
    endloop
  endfacet
  facet normal -4.873590e-02 -9.929265e-01 1.082673e-01
    outer loop
      vertex 0.000000e+00 0.000000e+00 0.000000e+00
      vertex 2.520000e+03 -5.724363e+01 6.093783e+02
      vertex 2.520000e+03 -5.460723e+01 6.335569e+02
    endloop
  endfacet
  facet normal -4.604328e-02 -9.941748e-01 9.744969e-02
    outer loop
      vertex 0.000000e+00 0.000000e+00 0.000000e+00
      vertex 2.520000e+03 -5.460723e+01 6.335569e+02
      vertex 2.520000e+03 -5.234886e+01 6.565967e+02
    endloop
  endfacet
  facet normal -4.361199e-02 -9.951618e-01 8.803980e-02
    outer loop
      vertex 0.000000e+00 0.000000e+00 0.000000e+00
      vertex 2.520000e+03 -5.234886e+01 6.565967e+02
      vertex 2.520000e+03 -5.040244e+01 6.785980e+02
    endloop
  endfacet
  facet normal -4.143334e-02 -9.959421e-01 7.989134e-02
    outer loop
      vertex 0.000000e+00 0.000000e+00 0.000000e+00
      vertex 2.520000e+03 -5.040244e+01 6.785980e+02
      vertex 2.520000e+03 -4.871569e+01 6.996254e+02
    endloop
  endfacet
  facet normal -3.951197e-02 -9.965542e-01 7.292807e-02
    outer loop
      vertex 0.000000e+00 0.000000e+00 0.000000e+00
      vertex 2.520000e+03 -4.871569e+01 6.996254e+02
      vertex 2.520000e+03 -4.724316e+01 7.197475e+02
    endloop
  endfacet
  facet normal -3.784744e-02 -9.970303e-01 6.706892e-02
    outer loop
      vertex 0.000000e+00 0.000000e+00 0.000000e+00
      vertex 2.520000e+03 -4.724316e+01 7.197475e+02
      vertex 2.520000e+03 -4.594600e+01 7.390306e+02
    endloop
  endfacet
  facet normal -3.642285e-02 -9.973996e-01 6.218830e-02
    outer loop
      vertex 0.000000e+00 0.000000e+00 0.000000e+00
      vertex 2.520000e+03 -4.594600e+01 7.390306e+02
      vertex 2.520000e+03 -4.479390e+01 7.575084e+02
    endloop
  endfacet
  facet normal -3.520353e-02 -9.976890e-01 5.811488e-02
    outer loop
      vertex 0.000000e+00 0.000000e+00 0.000000e+00
      vertex 2.520000e+03 -4.479390e+01 7.575084e+02
      vertex 2.520000e+03 -4.376150e+01 7.752323e+02
    endloop
  endfacet
  facet normal -3.415048e-02 -9.979198e-01 5.467875e-02
    outer loop
      vertex 0.000000e+00 0.000000e+00 0.000000e+00
      vertex 2.520000e+03 -4.376150e+01 7.752323e+02
      vertex 2.520000e+03 -4.282920e+01 7.922474e+02
    endloop
  endfacet
  facet normal -3.331831e-02 -9.980900e-01 5.202259e-02
    outer loop
      vertex 0.000000e+00 0.000000e+00 0.000000e+00
      vertex 2.520000e+03 -4.282920e+01 7.922474e+02
      vertex 2.520000e+03 -4.197840e+01 8.085704e+02
    endloop
  endfacet
  facet normal -3.240792e-02 -9.982642e-01 4.917622e-02
    outer loop
      vertex 0.000000e+00 0.000000e+00 0.000000e+00
      vertex 2.520000e+03 -4.197840e+01 8.085704e+02
      vertex 2.520000e+03 -4.046518e+01 8.392885e+02
    endloop
  endfacet
  facet normal -3.518753e-02 -9.977224e-01 5.754824e-02
    outer loop
      vertex 0.000000e+00 0.000000e+00 0.000000e+00
      vertex 2.520000e+03 -4.046518e+01 8.392885e+02
      vertex 2.520000e+03 -3.884814e+01 8.673233e+02
    endloop
  endfacet
  facet normal -7.985027e-02 -9.788872e-01 1.881590e-01
    outer loop
      vertex 0.000000e+00 0.000000e+00 0.000000e+00
      vertex 2.520000e+03 -3.884814e+01 8.673233e+02
      vertex 2.520000e+03 -3.446899e+01 8.901056e+02
    endloop
  endfacet
  facet normal -1.806617e-01 -8.594724e-01 4.781930e-01
    outer loop
      vertex 0.000000e+00 0.000000e+00 0.000000e+00
      vertex 2.520000e+03 -3.446899e+01 8.901056e+02
      vertex 2.520000e+03 -2.579638e+01 9.056932e+02
    endloop
  endfacet
  facet normal -2.862581e-01 -5.555399e-01 7.806610e-01
    outer loop
      vertex 0.000000e+00 0.000000e+00 0.000000e+00
      vertex 2.520000e+03 -2.579638e+01 9.056932e+02
      vertex 2.520000e+03 -1.324646e+01 9.146240e+02
    endloop
  endfacet
  facet normal -1.705371e-01 -1.884434e-01 9.671640e-01
    outer loop
      vertex 3.060000e+03 -7.373479e-14 1.012422e+03
      vertex 2.520000e+03 4.147347e-16 9.172050e+02
      vertex 2.520000e+03 -1.324646e+01 9.146240e+02
    endloop
  endfacet
  facet normal -3.364277e-01 -1.800971e-01 9.243276e-01
    outer loop
      vertex 2.520000e+03 -1.324646e+01 9.146240e+02
      vertex 2.520000e+03 4.147347e-16 9.172050e+02
      vertex 1.260000e+03 2.073673e-16 4.586025e+02
    endloop
  endfacet
  facet normal -3.210086e-01 3.450989e-01 8.819638e-01
    outer loop
      vertex 1.260000e+03 -5.378712e-11 4.586025e+02
      vertex 2.520000e+03 4.147347e-16 9.172050e+02
      vertex 2.520000e+03 2.008778e+01 9.093450e+02
    endloop
  endfacet
  facet normal 2.317627e-02 -9.977015e-01 -6.367628e-02
    outer loop
      vertex 1.260000e+03 -5.378712e-11 4.586025e+02
      vertex 0.000000e+00 0.000000e+00 0.000000e+00
      vertex 1.260000e+03 2.073673e-16 4.586025e+02
    endloop
  endfacet
  facet normal -1.736351e-01 9.847336e-01 1.226648e-02
    outer loop
      vertex 2.520000e+03 4.439118e+02 3.469483e+01
      vertex 2.520000e+03 4.443440e+02 2.426974e-15
      vertex 1.260119e+03 2.221929e+02 -4.114883e-15
    endloop
  endfacet
  facet normal -1.736351e-01 9.847336e-01 1.226648e-02
    outer loop
      vertex 1.260119e+03 2.221929e+02 -4.114883e-15
      vertex 0.000000e+00 0.000000e+00 0.000000e+00
      vertex 2.520000e+03 4.439118e+02 3.469483e+01
    endloop
  endfacet
  facet normal -1.736345e-01 9.847303e-01 -1.254363e-02
    outer loop
      vertex 2.520000e+03 4.438935e+02 -3.536739e+01
      vertex 1.260119e+03 2.221929e+02 -4.114883e-15
      vertex 2.520000e+03 4.443440e+02 2.426974e-15
    endloop
  endfacet
  facet normal -1.985674e-01 8.230723e-01 5.320930e-01
    outer loop
      vertex 0.000000e+00 0.000000e+00 0.000000e+00
      vertex 2.520000e+03 2.008778e+01 9.093450e+02
      vertex 2.520000e+03 3.430360e+01 8.873551e+02
    endloop
  endfacet
  facet normal -3.210086e-01 3.450989e-01 8.819638e-01
    outer loop
      vertex 1.260000e+03 -5.378712e-11 4.586025e+02
      vertex 2.520000e+03 2.008778e+01 9.093450e+02
      vertex 0.000000e+00 0.000000e+00 0.000000e+00
    endloop
  endfacet
  facet normal -8.412196e-02 9.759376e-01 2.011699e-01
    outer loop
      vertex 0.000000e+00 0.000000e+00 0.000000e+00
      vertex 2.520000e+03 3.430360e+01 8.873551e+02
      vertex 2.520000e+03 3.798058e+01 8.695170e+02
    endloop
  endfacet
  facet normal -3.303467e-02 9.980931e-01 5.214301e-02
    outer loop
      vertex 0.000000e+00 0.000000e+00 0.000000e+00
      vertex 2.520000e+03 3.798058e+01 8.695170e+02
      vertex 2.520000e+03 3.916456e+01 8.468538e+02
    endloop
  endfacet
  facet normal -3.961842e-03 9.993992e-01 -3.443002e-02
    outer loop
      vertex 0.000000e+00 0.000000e+00 0.000000e+00
      vertex 2.520000e+03 3.916456e+01 8.468538e+02
      vertex 2.520000e+03 3.773482e+01 8.053527e+02
    endloop
  endfacet
  facet normal -6.473549e-03 9.996257e-01 -2.658134e-02
    outer loop
      vertex 0.000000e+00 0.000000e+00 0.000000e+00
      vertex 2.520000e+03 3.773482e+01 8.053527e+02
      vertex 2.520000e+03 3.712693e+01 7.824924e+02
    endloop
  endfacet
  facet normal -1.929594e-02 9.997056e-01 1.470910e-02
    outer loop
      vertex 0.000000e+00 0.000000e+00 0.000000e+00
      vertex 2.520000e+03 3.712693e+01 7.824924e+02
      vertex 2.520000e+03 3.747388e+01 7.589117e+02
    endloop
  endfacet
  facet normal -3.498219e-02 9.971448e-01 6.692244e-02
    outer loop
      vertex 0.000000e+00 0.000000e+00 0.000000e+00
      vertex 2.520000e+03 3.747388e+01 7.589117e+02
      vertex 2.520000e+03 3.928960e+01 7.318576e+02
    endloop
  endfacet
  facet normal -5.385544e-02 9.897448e-01 1.323058e-01
    outer loop
      vertex 0.000000e+00 0.000000e+00 0.000000e+00
      vertex 2.520000e+03 3.928960e+01 7.318576e+02
      vertex 2.520000e+03 4.303657e+01 7.038275e+02
    endloop
  endfacet
  facet normal -7.458403e-02 9.754090e-01 2.073995e-01
    outer loop
      vertex 0.000000e+00 0.000000e+00 0.000000e+00
      vertex 2.520000e+03 4.303657e+01 7.038275e+02
      vertex 2.520000e+03 4.921350e+01 6.747772e+02
    endloop
  endfacet
  facet normal -9.331952e-02 9.558049e-01 2.787983e-01
    outer loop
      vertex 0.000000e+00 0.000000e+00 0.000000e+00
      vertex 2.520000e+03 4.921350e+01 6.747772e+02
      vertex 2.520000e+03 5.578604e+01 6.522444e+02
    endloop
  endfacet
  facet normal -1.095585e-01 9.327361e-01 3.435118e-01
    outer loop
      vertex 0.000000e+00 0.000000e+00 0.000000e+00
      vertex 2.520000e+03 5.578604e+01 6.522444e+02
      vertex 2.520000e+03 6.433675e+01 6.290268e+02
    endloop
  endfacet
  facet normal -1.254149e-01 9.034058e-01 4.100355e-01
    outer loop
      vertex 0.000000e+00 0.000000e+00 0.000000e+00
      vertex 2.520000e+03 6.433675e+01 6.290268e+02
      vertex 2.520000e+03 7.525166e+01 6.049786e+02
    endloop
  endfacet
  facet normal -1.401624e-01 8.682960e-01 4.758325e-01
    outer loop
      vertex 0.000000e+00 0.000000e+00 0.000000e+00
      vertex 2.520000e+03 7.525166e+01 6.049786e+02
      vertex 2.520000e+03 8.893240e+01 5.800141e+02
    endloop
  endfacet
  facet normal -1.516706e-01 8.335895e-01 5.311540e-01
    outer loop
      vertex 0.000000e+00 0.000000e+00 0.000000e+00
      vertex 2.520000e+03 8.893240e+01 5.800141e+02
      vertex 2.520000e+03 1.021739e+02 5.592330e+02
    endloop
  endfacet
  facet normal -1.602693e-01 8.017924e-01 5.757106e-01
    outer loop
      vertex 0.000000e+00 0.000000e+00 0.000000e+00
      vertex 2.520000e+03 1.021739e+02 5.592330e+02
      vertex 2.520000e+03 1.176430e+02 5.376891e+02
    endloop
  endfacet
  facet normal -1.670956e-01 7.710789e-01 6.144236e-01
    outer loop
      vertex 0.000000e+00 0.000000e+00 0.000000e+00
      vertex 2.520000e+03 1.176430e+02 5.376891e+02
      vertex 2.520000e+03 1.354489e+02 5.153435e+02
    endloop
  endfacet
  facet normal -1.721489e-01 7.432927e-01 6.464369e-01
    outer loop
      vertex 0.000000e+00 0.000000e+00 0.000000e+00
      vertex 2.520000e+03 1.354489e+02 5.153435e+02
      vertex 2.520000e+03 1.556550e+02 4.921099e+02
    endloop
  endfacet
  facet normal -1.756361e-01 7.196279e-01 6.717795e-01
    outer loop
      vertex 0.000000e+00 0.000000e+00 0.000000e+00
      vertex 2.520000e+03 1.556550e+02 4.921099e+02
      vertex 2.520000e+03 1.782109e+02 4.679474e+02
    endloop
  endfacet
  facet normal -1.776609e-01 7.024143e-01 6.892393e-01
    outer loop
      vertex 0.000000e+00 0.000000e+00 0.000000e+00
      vertex 2.520000e+03 1.782109e+02 4.679474e+02
      vertex 2.520000e+03 1.987982e+02 4.469665e+02
    endloop
  endfacet
  facet normal -1.787177e-01 6.912577e-01 7.001592e-01
    outer loop
      vertex 0.000000e+00 0.000000e+00 0.000000e+00
      vertex 2.520000e+03 1.987982e+02 4.469665e+02
      vertex 2.520000e+03 2.209927e+02 4.250542e+02
    endloop
  endfacet
  facet normal -1.791752e-01 6.850914e-01 7.060779e-01
    outer loop
      vertex 0.000000e+00 0.000000e+00 0.000000e+00
      vertex 2.520000e+03 2.209927e+02 4.250542e+02
      vertex 2.520000e+03 2.445684e+02 4.021792e+02
    endloop
  endfacet
  facet normal -1.791920e-01 6.847886e-01 7.063673e-01
    outer loop
      vertex 0.000000e+00 0.000000e+00 0.000000e+00
      vertex 2.520000e+03 2.445684e+02 4.021792e+02
      vertex 2.520000e+03 2.695778e+02 3.779339e+02
    endloop
  endfacet
  facet normal -1.789320e-01 6.915684e-01 6.997975e-01
    outer loop
      vertex 0.000000e+00 0.000000e+00 0.000000e+00
      vertex 2.520000e+03 2.695778e+02 3.779339e+02
      vertex 2.520000e+03 2.959409e+02 3.518808e+02
    endloop
  endfacet
  facet normal -1.785955e-01 7.063841e-01 6.849270e-01
    outer loop
      vertex 0.000000e+00 0.000000e+00 0.000000e+00
      vertex 2.520000e+03 2.959409e+02 3.518808e+02
      vertex 2.520000e+03 3.214008e+02 3.256233e+02
    endloop
  endfacet
  facet normal -1.783711e-01 7.289762e-01 6.608914e-01
    outer loop
      vertex 0.000000e+00 0.000000e+00 0.000000e+00
      vertex 2.520000e+03 3.214008e+02 3.256233e+02
      vertex 2.520000e+03 3.449263e+02 2.996741e+02
    endloop
  endfacet
  facet normal -1.783560e-01 7.586471e-01 6.266128e-01
    outer loop
      vertex 0.000000e+00 0.000000e+00 0.000000e+00
      vertex 2.520000e+03 3.449263e+02 2.996741e+02
      vertex 2.520000e+03 3.661664e+02 2.739586e+02
    endloop
  endfacet
  facet normal -1.785467e-01 7.936891e-01 5.815313e-01
    outer loop
      vertex 0.000000e+00 0.000000e+00 0.000000e+00
      vertex 2.520000e+03 3.661664e+02 2.739586e+02
      vertex 2.520000e+03 3.840790e+02 2.495110e+02
    endloop
  endfacet
  facet normal -1.788078e-01 8.314332e-01 5.260672e-01
    outer loop
      vertex 0.000000e+00 0.000000e+00 0.000000e+00
      vertex 2.520000e+03 3.840790e+02 2.495110e+02
      vertex 2.520000e+03 3.988642e+02 2.261434e+02
    endloop
  endfacet
  facet normal -1.789357e-01 8.697422e-01 4.599245e-01
    outer loop
      vertex 0.000000e+00 0.000000e+00 0.000000e+00
      vertex 2.520000e+03 3.988642e+02 2.261434e+02
      vertex 2.520000e+03 4.111123e+02 2.029815e+02
    endloop
  endfacet
  facet normal -1.787140e-01 9.058869e-01 3.839664e-01
    outer loop
      vertex 0.000000e+00 0.000000e+00 0.000000e+00
      vertex 2.520000e+03 4.111123e+02 2.029815e+02
      vertex 2.520000e+03 4.207184e+02 1.803181e+02
    endloop
  endfacet
  facet normal -1.780139e-01 9.356600e-01 3.047152e-01
    outer loop
      vertex 0.000000e+00 0.000000e+00 0.000000e+00
      vertex 2.520000e+03 4.207184e+02 1.803181e+02
      vertex 2.520000e+03 4.284334e+02 1.566281e+02
    endloop
  endfacet
  facet normal -1.768964e-01 9.580520e-01 2.254863e-01
    outer loop
      vertex 0.000000e+00 0.000000e+00 0.000000e+00
      vertex 2.520000e+03 4.284334e+02 1.566281e+02
      vertex 2.520000e+03 4.348268e+02 1.294640e+02
    endloop
  endfacet
  facet normal -1.756175e-01 9.728003e-01 1.510567e-01
    outer loop
      vertex 0.000000e+00 0.000000e+00 0.000000e+00
      vertex 2.520000e+03 4.348268e+02 1.294640e+02
      vertex 2.520000e+03 4.395378e+02 9.912515e+01
    endloop
  endfacet
  facet normal -1.745592e-01 9.805403e-01 8.983165e-02
    outer loop
      vertex 0.000000e+00 0.000000e+00 0.000000e+00
      vertex 2.520000e+03 4.395378e+02 9.912515e+01
      vertex 2.520000e+03 4.424265e+02 6.759451e+01
    endloop
  endfacet
  facet normal -1.739062e-01 9.837601e-01 4.441454e-02
    outer loop
      vertex 0.000000e+00 0.000000e+00 0.000000e+00
      vertex 2.520000e+03 4.424265e+02 6.759451e+01
      vertex 2.520000e+03 4.439118e+02 3.469483e+01
    endloop
  endfacet
  facet normal -1.736345e-01 9.847303e-01 -1.254363e-02
    outer loop
      vertex 2.520000e+03 4.438935e+02 -3.536739e+01
      vertex 0.000000e+00 0.000000e+00 0.000000e+00
      vertex 1.260119e+03 2.221929e+02 -4.114883e-15
    endloop
  endfacet
  facet normal -3.208514e-01 3.463461e-01 -8.815321e-01
    outer loop
      vertex 2.520000e+03 2.016778e+01 -9.092812e+02
      vertex 2.520000e+03 -1.361622e-15 -9.172050e+02
      vertex 1.260000e+03 3.255657e-11 -4.586025e+02
    endloop
  endfacet
  facet normal -3.208514e-01 3.463461e-01 -8.815321e-01
    outer loop
      vertex 1.260000e+03 3.255657e-11 -4.586025e+02
      vertex 0.000000e+00 0.000000e+00 0.000000e+00
      vertex 2.520000e+03 2.016778e+01 -9.092812e+02
    endloop
  endfacet
  facet normal -2.855863e-01 -5.585632e-01 -7.787474e-01
    outer loop
      vertex 2.520000e+03 -2.591689e+01 -9.055585e+02
      vertex 0.000000e+00 0.000000e+00 0.000000e+00
      vertex 2.520000e+03 -1.332290e+01 -9.145916e+02
    endloop
  endfacet
  facet normal -3.363538e-01 -1.812736e-01 -9.241245e-01
    outer loop
      vertex 1.260000e+03 3.255657e-11 -4.586025e+02
      vertex 2.520000e+03 -1.332290e+01 -9.145916e+02
      vertex 0.000000e+00 0.000000e+00 0.000000e+00
    endloop
  endfacet
  facet normal -1.790074e-01 -8.624330e-01 -4.734615e-01
    outer loop
      vertex 2.520000e+03 -3.457524e+01 -8.897869e+02
      vertex 0.000000e+00 0.000000e+00 0.000000e+00
      vertex 2.520000e+03 -2.591689e+01 -9.055585e+02
    endloop
  endfacet
  facet normal -7.848539e-02 -9.797482e-01 -1.842106e-01
    outer loop
      vertex 2.520000e+03 -3.889827e+01 -8.667943e+02
      vertex 0.000000e+00 0.000000e+00 0.000000e+00
      vertex 2.520000e+03 -3.457524e+01 -8.897869e+02
    endloop
  endfacet
  facet normal -3.486966e-02 -9.977879e-01 -5.659857e-02
    outer loop
      vertex 2.520000e+03 -4.049791e+01 -8.385940e+02
      vertex 0.000000e+00 0.000000e+00 0.000000e+00
      vertex 2.520000e+03 -3.889827e+01 -8.667943e+02
    endloop
  endfacet
  facet normal -3.243982e-02 -9.982584e-01 -4.927411e-02
    outer loop
      vertex 2.520000e+03 -4.202102e+01 -8.077368e+02
      vertex 0.000000e+00 0.000000e+00 0.000000e+00
      vertex 2.520000e+03 -4.049791e+01 -8.385940e+02
    endloop
  endfacet
  facet normal -3.335584e-02 -9.980825e-01 -5.214109e-02
    outer loop
      vertex 2.520000e+03 -4.287711e+01 -7.913495e+02
      vertex 0.000000e+00 0.000000e+00 0.000000e+00
      vertex 2.520000e+03 -4.202102e+01 -8.077368e+02
    endloop
  endfacet
  facet normal -3.420310e-02 -9.979087e-01 -5.484856e-02
    outer loop
      vertex 2.520000e+03 -4.381561e+01 -7.742745e+02
      vertex 0.000000e+00 0.000000e+00 0.000000e+00
      vertex 2.520000e+03 -4.287711e+01 -7.913495e+02
    endloop
  endfacet
  facet normal -3.526679e-02 -9.976746e-01 -5.832375e-02
    outer loop
      vertex 2.520000e+03 -4.485500e+01 -7.564951e+02
      vertex 0.000000e+00 0.000000e+00 0.000000e+00
      vertex 2.520000e+03 -4.381561e+01 -7.742745e+02
    endloop
  endfacet
  facet normal -3.649690e-02 -9.973813e-01 -6.243880e-02
    outer loop
      vertex 2.520000e+03 -4.601495e+01 -7.379662e+02
      vertex 0.000000e+00 0.000000e+00 0.000000e+00
      vertex 2.520000e+03 -4.485500e+01 -7.564951e+02
    endloop
  endfacet
  facet normal -3.793462e-02 -9.970065e-01 -6.737171e-02
    outer loop
      vertex 2.520000e+03 -4.732111e+01 -7.186370e+02
      vertex 0.000000e+00 0.000000e+00 0.000000e+00
      vertex 2.520000e+03 -4.601495e+01 -7.379662e+02
    endloop
  endfacet
  facet normal -3.961287e-02 -9.965237e-01 -7.328852e-02
    outer loop
      vertex 2.520000e+03 -4.880400e+01 -6.984738e+02
      vertex 0.000000e+00 0.000000e+00 0.000000e+00
      vertex 2.520000e+03 -4.732111e+01 -7.186370e+02
    endloop
  endfacet
  facet normal -4.154765e-02 -9.959035e-01 -8.031228e-02
    outer loop
      vertex 2.520000e+03 -5.050261e+01 -6.774103e+02
      vertex 0.000000e+00 0.000000e+00 0.000000e+00
      vertex 2.520000e+03 -4.880400e+01 -6.984738e+02
    endloop
  endfacet
  facet normal -4.373820e-02 -9.951136e-01 -8.852012e-02
    outer loop
      vertex 2.520000e+03 -5.246245e+01 -6.553784e+02
      vertex 0.000000e+00 0.000000e+00 0.000000e+00
      vertex 2.520000e+03 -5.050261e+01 -6.774103e+02
    endloop
  endfacet
  facet normal -4.617998e-02 -9.941155e-01 -9.798891e-02
    outer loop
      vertex 2.520000e+03 -5.473603e+01 -6.323125e+02
      vertex 0.000000e+00 0.000000e+00 0.000000e+00
      vertex 2.520000e+03 -5.246245e+01 -6.553784e+02
    endloop
  endfacet
  facet normal -4.888336e-02 -9.928531e-01 -1.088722e-01
    outer loop
      vertex 2.520000e+03 -5.739000e+01 -6.081098e+02
      vertex 0.000000e+00 0.000000e+00 0.000000e+00
      vertex 2.520000e+03 -5.473603e+01 -6.323125e+02
    endloop
  endfacet
  facet normal -5.187402e-02 -9.912452e-01 -1.214172e-01
    outer loop
      vertex 2.520000e+03 -6.051486e+01 -5.825986e+02
      vertex 0.000000e+00 0.000000e+00 0.000000e+00
      vertex 2.520000e+03 -5.739000e+01 -6.081098e+02
    endloop
  endfacet
  facet normal -5.508146e-02 -9.892452e-01 -1.354985e-01
    outer loop
      vertex 2.520000e+03 -6.421297e+01 -5.555995e+02
      vertex 0.000000e+00 0.000000e+00 0.000000e+00
      vertex 2.520000e+03 -6.051486e+01 -5.825986e+02
    endloop
  endfacet
  facet normal -5.771460e-02 -9.873528e-01 -1.476602e-01
    outer loop
      vertex 2.520000e+03 -6.704797e+01 -5.366428e+02
      vertex 0.000000e+00 0.000000e+00 0.000000e+00
      vertex 2.520000e+03 -6.421297e+01 -5.555995e+02
    endloop
  endfacet
  facet normal -5.976913e-02 -9.857064e-01 -1.575137e-01
    outer loop
      vertex 2.520000e+03 -7.021023e+01 -5.168537e+02
      vertex 0.000000e+00 0.000000e+00 0.000000e+00
      vertex 2.520000e+03 -6.704797e+01 -5.366428e+02
    endloop
  endfacet
  facet normal -6.159252e-02 -9.840951e-01 -1.666228e-01
    outer loop
      vertex 2.520000e+03 -7.371543e+01 -4.961515e+02
      vertex 0.000000e+00 0.000000e+00 0.000000e+00
      vertex 2.520000e+03 -7.021023e+01 -5.168537e+02
    endloop
  endfacet
  facet normal -6.299499e-02 -9.827379e-01 -1.739478e-01
    outer loop
      vertex 2.520000e+03 -7.754221e+01 -4.745317e+02
      vertex 0.000000e+00 0.000000e+00 0.000000e+00
      vertex 2.520000e+03 -7.371543e+01 -4.961515e+02
    endloop
  endfacet
  facet normal -6.396868e-02 -9.817151e-01 -1.792856e-01
    outer loop
      vertex 2.520000e+03 -8.167297e+01 -4.519128e+02
      vertex 0.000000e+00 0.000000e+00 0.000000e+00
      vertex 2.520000e+03 -7.754221e+01 -4.745317e+02
    endloop
  endfacet
  facet normal -6.455401e-02 -9.810529e-01 -1.826693e-01
    outer loop
      vertex 2.520000e+03 -8.606963e+01 -4.282999e+02
      vertex 0.000000e+00 0.000000e+00 0.000000e+00
      vertex 2.520000e+03 -8.167297e+01 -4.519128e+02
    endloop
  endfacet
  facet normal -6.477491e-02 -9.807853e-01 -1.840228e-01
    outer loop
      vertex 2.520000e+03 -9.070239e+01 -4.036087e+02
      vertex 0.000000e+00 0.000000e+00 0.000000e+00
      vertex 2.520000e+03 -8.606963e+01 -4.282999e+02
    endloop
  endfacet
  facet normal -6.463936e-02 -9.809600e-01 -1.831372e-01
    outer loop
      vertex 2.520000e+03 -9.551376e+01 -3.778370e+02
      vertex 0.000000e+00 0.000000e+00 0.000000e+00
      vertex 2.520000e+03 -9.070239e+01 -4.036087e+02
    endloop
  endfacet
  facet normal -6.415993e-02 -9.816133e-01 -1.797744e-01
    outer loop
      vertex 2.520000e+03 -1.004462e+02 -3.509049e+02
      vertex 0.000000e+00 0.000000e+00 0.000000e+00
      vertex 2.520000e+03 -9.551376e+01 -3.778370e+02
    endloop
  endfacet
  facet normal -6.347761e-02 -9.825922e-01 -1.745942e-01
    outer loop
      vertex 2.520000e+03 -1.041727e+02 -3.299327e+02
      vertex 0.000000e+00 0.000000e+00 0.000000e+00
      vertex 2.520000e+03 -1.004462e+02 -3.509049e+02
    endloop
  endfacet
  facet normal -6.266823e-02 -9.837871e-01 -1.680349e-01
    outer loop
      vertex 2.520000e+03 -1.078710e+02 -3.082803e+02
      vertex 0.000000e+00 0.000000e+00 0.000000e+00
      vertex 2.520000e+03 -1.041727e+02 -3.299327e+02
    endloop
  endfacet
  facet normal -6.166908e-02 -9.852958e-01 -1.593396e-01
    outer loop
      vertex 2.520000e+03 -1.114993e+02 -2.858443e+02
      vertex 0.000000e+00 0.000000e+00 0.000000e+00
      vertex 2.520000e+03 -1.078710e+02 -3.082803e+02
    endloop
  endfacet
  facet normal -6.049703e-02 -9.870892e-01 -1.483073e-01
    outer loop
      vertex 2.520000e+03 -1.149879e+02 -2.626249e+02
      vertex 0.000000e+00 0.000000e+00 0.000000e+00
      vertex 2.520000e+03 -1.114993e+02 -2.858443e+02
    endloop
  endfacet
  facet normal -5.917525e-02 -9.891127e-01 -1.347383e-01
    outer loop
      vertex 2.520000e+03 -1.182595e+02 -2.386083e+02
      vertex 0.000000e+00 0.000000e+00 0.000000e+00
      vertex 2.520000e+03 -1.149879e+02 -2.626249e+02
    endloop
  endfacet
  facet normal -5.776032e-02 -9.912441e-01 -1.187385e-01
    outer loop
      vertex 2.520000e+03 -1.212465e+02 -2.136725e+02
      vertex 0.000000e+00 0.000000e+00 0.000000e+00
      vertex 2.520000e+03 -1.182595e+02 -2.386083e+02
    endloop
  endfacet
  facet normal -5.645709e-02 -9.931516e-01 -1.022862e-01
    outer loop
      vertex 2.520000e+03 -1.239054e+02 -1.878551e+02
      vertex 0.000000e+00 0.000000e+00 0.000000e+00
      vertex 2.520000e+03 -1.212465e+02 -2.136725e+02
    endloop
  endfacet
  facet normal -5.533410e-02 -9.947424e-01 -8.617242e-02
    outer loop
      vertex 2.520000e+03 -1.262139e+02 -1.612073e+02
      vertex 0.000000e+00 0.000000e+00 0.000000e+00
      vertex 2.520000e+03 -1.239054e+02 -1.878551e+02
    endloop
  endfacet
  facet normal -5.448238e-02 -9.959201e-01 -7.193619e-02
    outer loop
      vertex 2.520000e+03 -1.278001e+02 -1.392469e+02
      vertex 0.000000e+00 0.000000e+00 0.000000e+00
      vertex 2.520000e+03 -1.262139e+02 -1.612073e+02
    endloop
  endfacet
  facet normal -5.383509e-02 -9.967796e-01 -5.943312e-02
    outer loop
      vertex 2.520000e+03 -1.291436e+02 -1.167152e+02
      vertex 0.000000e+00 0.000000e+00 0.000000e+00
      vertex 2.520000e+03 -1.278001e+02 -1.392469e+02
    endloop
  endfacet
  facet normal -5.330089e-02 -9.974652e-01 -4.714057e-02
    outer loop
      vertex 2.520000e+03 -1.302314e+02 -9.369801e+01
      vertex 0.000000e+00 0.000000e+00 0.000000e+00
      vertex 2.520000e+03 -1.291436e+02 -1.167152e+02
    endloop
  endfacet
  facet normal -5.288951e-02 -9.979738e-01 -3.536982e-02
    outer loop
      vertex 2.520000e+03 -1.310621e+02 -7.025826e+01
      vertex 0.000000e+00 0.000000e+00 0.000000e+00
      vertex 2.520000e+03 -1.302314e+02 -9.369801e+01
    endloop
  endfacet
  facet normal -5.259700e-02 -9.983218e-01 -2.422861e-02
    outer loop
      vertex 2.520000e+03 -1.316395e+02 -4.646600e+01
      vertex 0.000000e+00 0.000000e+00 0.000000e+00
      vertex 2.520000e+03 -1.310621e+02 -7.025826e+01
    endloop
  endfacet
  facet normal -5.241806e-02 -9.985279e-01 -1.394082e-02
    outer loop
      vertex 2.520000e+03 -1.319625e+02 -2.333341e+01
      vertex 0.000000e+00 0.000000e+00 0.000000e+00
      vertex 2.520000e+03 -1.316395e+02 -4.646600e+01
    endloop
  endfacet
  facet normal -1.739169e-01 9.837101e-01 -4.546956e-02
    outer loop
      vertex 2.520000e+03 4.423530e+02 -6.869582e+01
      vertex 0.000000e+00 0.000000e+00 0.000000e+00
      vertex 2.520000e+03 4.438935e+02 -3.536739e+01
    endloop
  endfacet
  facet normal -1.745915e-01 9.803433e-01 -9.189560e-02
    outer loop
      vertex 2.520000e+03 4.393765e+02 -1.004484e+02
      vertex 0.000000e+00 0.000000e+00 0.000000e+00
      vertex 2.520000e+03 4.423530e+02 -6.869582e+01
    endloop
  endfacet
  facet normal -1.756719e-01 9.722994e-01 -1.541857e-01
    outer loop
      vertex 2.520000e+03 4.345558e+02 -1.308479e+02
      vertex 0.000000e+00 0.000000e+00 0.000000e+00
      vertex 2.520000e+03 4.393765e+02 -1.004484e+02
    endloop
  endfacet
  facet normal -1.769599e-01 9.570697e-01 -2.295707e-01
    outer loop
      vertex 2.520000e+03 4.280300e+02 -1.580539e+02
      vertex 0.000000e+00 0.000000e+00 0.000000e+00
      vertex 2.520000e+03 4.345558e+02 -1.308479e+02
    endloop
  endfacet
  facet normal -1.780681e-01 9.340652e-01 -3.095382e-01
    outer loop
      vertex 2.520000e+03 4.201654e+02 -1.817859e+02
      vertex 0.000000e+00 0.000000e+00 0.000000e+00
      vertex 2.520000e+03 4.280300e+02 -1.580539e+02
    endloop
  endfacet
  facet normal -1.787426e-01 9.036711e-01 -3.891396e-01
    outer loop
      vertex 2.520000e+03 4.103814e+02 -2.045068e+02
      vertex 0.000000e+00 0.000000e+00 0.000000e+00
      vertex 2.520000e+03 4.201654e+02 -1.817859e+02
    endloop
  endfacet
  facet normal -1.789349e-01 8.671582e-01 -4.647785e-01
    outer loop
      vertex 2.520000e+03 3.979138e+02 -2.277681e+02
      vertex 0.000000e+00 0.000000e+00 0.000000e+00
      vertex 2.520000e+03 4.103814e+02 -2.045068e+02
    endloop
  endfacet
  facet normal -1.787903e-01 8.286862e-01 -5.303897e-01
    outer loop
      vertex 2.520000e+03 3.828813e+02 -2.512550e+02
      vertex 0.000000e+00 0.000000e+00 0.000000e+00
      vertex 2.520000e+03 3.979138e+02 -2.277681e+02
    endloop
  endfacet
  facet normal -1.785280e-01 7.909915e-01 -5.852010e-01
    outer loop
      vertex 2.520000e+03 3.647083e+02 -2.758187e+02
      vertex 0.000000e+00 0.000000e+00 0.000000e+00
      vertex 2.520000e+03 3.828813e+02 -2.512550e+02
    endloop
  endfacet
  facet normal -1.783485e-01 7.561947e-01 -6.295725e-01
    outer loop
      vertex 2.520000e+03 3.431824e+02 -3.016740e+02
      vertex 0.000000e+00 0.000000e+00 0.000000e+00
      vertex 2.520000e+03 3.647083e+02 -2.758187e+02
    endloop
  endfacet
  facet normal -1.783816e-01 7.269551e-01 -6.631112e-01
    outer loop
      vertex 2.520000e+03 3.194728e+02 -3.276663e+02
      vertex 0.000000e+00 0.000000e+00 0.000000e+00
      vertex 2.520000e+03 3.431824e+02 -3.016740e+02
    endloop
  endfacet
  facet normal -1.786194e-01 7.049909e-01 -6.863548e-01
    outer loop
      vertex 2.520000e+03 2.940567e+02 -3.537725e+02
      vertex 0.000000e+00 0.000000e+00 0.000000e+00
      vertex 2.520000e+03 3.194728e+02 -3.276663e+02
    endloop
  endfacet
  facet normal -1.789552e-01 6.908465e-01 -7.005042e-01
    outer loop
      vertex 2.520000e+03 2.678808e+02 -3.795876e+02
      vertex 0.000000e+00 0.000000e+00 0.000000e+00
      vertex 2.520000e+03 2.940567e+02 -3.537725e+02
    endloop
  endfacet
  facet normal -1.792012e-01 6.846088e-01 -7.065393e-01
    outer loop
      vertex 2.520000e+03 2.430647e+02 -4.036333e+02
      vertex 0.000000e+00 0.000000e+00 0.000000e+00
      vertex 2.520000e+03 2.678808e+02 -3.795876e+02
    endloop
  endfacet
  facet normal -1.791620e-01 6.853007e-01 -7.058781e-01
    outer loop
      vertex 2.520000e+03 2.197005e+02 -4.263164e+02
      vertex 0.000000e+00 0.000000e+00 0.000000e+00
      vertex 2.520000e+03 2.430647e+02 -4.036333e+02
    endloop
  endfacet
  facet normal -1.786775e-01 6.917349e-01 -6.996980e-01
    outer loop
      vertex 2.520000e+03 1.977108e+02 -4.480559e+02
      vertex 0.000000e+00 0.000000e+00 0.000000e+00
      vertex 2.520000e+03 2.197005e+02 -4.263164e+02
    endloop
  endfacet
  facet normal -1.775919e-01 7.030655e-01 -6.885927e-01
    outer loop
      vertex 2.520000e+03 1.773084e+02 -4.688871e+02
      vertex 0.000000e+00 0.000000e+00 0.000000e+00
      vertex 2.520000e+03 1.977108e+02 -4.480559e+02
    endloop
  endfacet
  facet normal -1.755361e-01 7.203841e-01 -6.709947e-01
    outer loop
      vertex 2.520000e+03 1.549529e+02 -4.928881e+02
      vertex 0.000000e+00 0.000000e+00 0.000000e+00
      vertex 2.520000e+03 1.773084e+02 -4.688871e+02
    endloop
  endfacet
  facet normal -1.720194e-01 7.440795e-01 -6.455656e-01
    outer loop
      vertex 2.520000e+03 1.349225e+02 -5.159752e+02
      vertex 0.000000e+00 0.000000e+00 0.000000e+00
      vertex 2.520000e+03 1.549529e+02 -4.928881e+02
    endloop
  endfacet
  facet normal -1.669451e-01 7.718244e-01 -6.135278e-01
    outer loop
      vertex 2.520000e+03 1.172650e+02 -5.381885e+02
      vertex 0.000000e+00 0.000000e+00 0.000000e+00
      vertex 2.520000e+03 1.349225e+02 -5.159752e+02
    endloop
  endfacet
  facet normal -1.601105e-01 8.024374e-01 -5.748556e-01
    outer loop
      vertex 2.520000e+03 1.019171e+02 -5.596125e+02
      vertex 0.000000e+00 0.000000e+00 0.000000e+00
      vertex 2.520000e+03 1.172650e+02 -5.381885e+02
    endloop
  endfacet
  facet normal -1.515220e-01 8.340859e-01 -5.304167e-01
    outer loop
      vertex 2.520000e+03 8.876990e+01 -5.802866e+02
      vertex 0.000000e+00 0.000000e+00 0.000000e+00
      vertex 2.520000e+03 1.019171e+02 -5.596125e+02
    endloop
  endfacet
  facet normal -1.400422e-01 8.686174e-01 -4.752809e-01
    outer loop
      vertex 2.520000e+03 7.517339e+01 -6.051354e+02
      vertex 0.000000e+00 0.000000e+00 0.000000e+00
      vertex 2.520000e+03 8.876990e+01 -5.802866e+02
    endloop
  endfacet
  facet normal -1.253451e-01 9.035507e-01 -4.097373e-01
    outer loop
      vertex 2.520000e+03 6.431334e+01 -6.290840e+02
      vertex 0.000000e+00 0.000000e+00 0.000000e+00
      vertex 2.520000e+03 7.517339e+01 -6.051354e+02
    endloop
  endfacet
  facet normal -1.095471e-01 9.327536e-01 -3.434680e-01
    outer loop
      vertex 2.520000e+03 5.579505e+01 -6.522170e+02
      vertex 0.000000e+00 0.000000e+00 0.000000e+00
      vertex 2.520000e+03 6.431334e+01 -6.290840e+02
    endloop
  endfacet
  facet normal -9.336479e-02 9.557484e-01 -2.789765e-01
    outer loop
      vertex 2.520000e+03 4.923919e+01 -6.746768e+02
      vertex 0.000000e+00 0.000000e+00 0.000000e+00
      vertex 2.520000e+03 5.579505e+01 -6.522170e+02
    endloop
  endfacet
  facet normal -7.468565e-02 9.753204e-01 -2.077793e-01
    outer loop
      vertex 2.520000e+03 4.306742e+01 -7.036472e+02
      vertex 0.000000e+00 0.000000e+00 0.000000e+00
      vertex 2.520000e+03 4.923919e+01 -6.746768e+02
    endloop
  endfacet
  facet normal -5.400536e-02 9.896653e-01 -1.328381e-01
    outer loop
      vertex 2.520000e+03 3.931350e+01 -7.316146e+02
      vertex 0.000000e+00 0.000000e+00 0.000000e+00
      vertex 2.520000e+03 4.306742e+01 -7.036472e+02
    endloop
  endfacet
  facet normal -3.515507e-02 9.970990e-01 -6.751001e-02
    outer loop
      vertex 2.520000e+03 3.748494e+01 -7.586218e+02
      vertex 0.000000e+00 0.000000e+00 0.000000e+00
      vertex 2.520000e+03 3.931350e+01 -7.316146e+02
    endloop
  endfacet
  facet normal -1.947416e-02 9.996934e-01 -1.529279e-02
    outer loop
      vertex 2.520000e+03 3.712467e+01 -7.821722e+02
      vertex 0.000000e+00 0.000000e+00 0.000000e+00
      vertex 2.520000e+03 3.748494e+01 -7.586218e+02
    endloop
  endfacet
  facet normal -6.635666e-03 9.996381e-01 2.606761e-02
    outer loop
      vertex 2.520000e+03 3.772030e+01 -8.050132e+02
      vertex 0.000000e+00 0.000000e+00 0.000000e+00
      vertex 2.520000e+03 3.712467e+01 -7.821722e+02
    endloop
  endfacet
  facet normal -3.849971e-03 9.993877e-01 3.477617e-02
    outer loop
      vertex 2.520000e+03 3.916508e+01 -8.465327e+02
      vertex 0.000000e+00 0.000000e+00 0.000000e+00
      vertex 2.520000e+03 3.772030e+01 -8.050132e+02
    endloop
  endfacet
  facet normal -3.253161e-02 9.981860e-01 -5.066033e-02
    outer loop
      vertex 2.520000e+03 3.801228e+01 -8.692468e+02
      vertex 0.000000e+00 0.000000e+00 0.000000e+00
      vertex 2.520000e+03 3.916508e+01 -8.465327e+02
    endloop
  endfacet
  facet normal -8.328769e-02 9.765041e-01 -1.987535e-01
    outer loop
      vertex 2.520000e+03 3.436721e+01 -8.871556e+02
      vertex 0.000000e+00 0.000000e+00 0.000000e+00
      vertex 2.520000e+03 3.801228e+01 -8.692468e+02
    endloop
  endfacet
  facet normal -1.976423e-01 8.249962e-01 -5.294514e-01
    outer loop
      vertex 2.520000e+03 2.016778e+01 -9.092812e+02
      vertex 0.000000e+00 0.000000e+00 0.000000e+00
      vertex 2.520000e+03 3.436721e+01 -8.871556e+02
    endloop
  endfacet
  facet normal -1.619483e-01 3.608525e-01 -9.184543e-01
    outer loop
      vertex 2.520000e+03 2.016778e+01 -9.092812e+02
      vertex 3.060000e+03 -1.449693e-13 -1.012422e+03
      vertex 2.520000e+03 -1.361622e-15 -9.172050e+02
    endloop
  endfacet
  facet normal -3.363538e-01 -1.812736e-01 -9.241245e-01
    outer loop
      vertex 1.260000e+03 3.255657e-11 -4.586025e+02
      vertex 2.520000e+03 -1.361622e-15 -9.172050e+02
      vertex 2.520000e+03 -1.332290e+01 -9.145916e+02
    endloop
  endfacet
  facet normal -3.364277e-01 -1.800971e-01 9.243276e-01
    outer loop
      vertex 1.260000e+03 2.073673e-16 4.586025e+02
      vertex 0.000000e+00 0.000000e+00 0.000000e+00
      vertex 2.520000e+03 -1.324646e+01 9.146240e+02
    endloop
  endfacet
  facet normal 2.317627e-02 -9.977015e-01 -6.367628e-02
    outer loop
      vertex 1.260000e+03 2.073673e-16 4.586025e+02
      vertex 2.520000e+03 4.147347e-16 9.172050e+02
      vertex 1.260000e+03 -5.378712e-11 4.586025e+02
    endloop
  endfacet
endsolid prt0001_ascii.stl
